Sensor1,Sensor2,Sensor3,Sensor4,Sensor5,Sensor6,Sensor7,Sensor8,Sensor9,Sensor10,Sensor11,Sensor12,Sensor13,Sensor14,Sensor15,Sensor16,Sensor17,Sensor18,Sensor19,Sensor20,Sensor21,Sensor22,Sensor23,Sensor24,Sensor25,Sensor26,Sensor27,Sensor28,Sensor29,Sensor30,Sensor31,Sensor32
0.7462631880145917,0.028627945426674573,0.5378420344168968,0.6541063478094156,0.8116721003951836,0.9232232012512843,0.4307746991198753,0.2070305281177952,0.25866023429355467,0.8790041067919409,0.8115455634582706,0.3990604216245267,0.13368274896595245,0.9468595525808949,0.08818296423847505,0.9253013632032887,0.9359766266789905,0.24480084911985311,0.0004365271432534845,0.26819843201680704,0.8416273964528196,0.24203832474107279,0.24122594649528006,0.2181584095327218,0.09096203285557436,0.6402380500060008,0.5161096785747612,0.2057304791145237,0.17824197269512998,0.26639732986499753,0.6668429866282485,0.7297717804046377
0.47184743218300873,0.12747839697490748,0.9234731555932659,0.7873594380303921,0.5126005644212059,0.17500254581341035,0.48910321976416526,0.17719403473250162,0.9640932993239166,0.7502382777763519,0.2406652531832446,0.8302330862044018,0.20958019384436144,0.04526308902197229,0.5477769877048912,0.04571872720831005,0.09760672415407545,0.5663412560465201,0.4204629182806331,0.9931219931946376,0.6980847383909392,0.28866806766564257,0.4220479870355842,0.84652951216651,0.16167318921086926,0.5146278009973634,0.49271606625944797,0.7745956007043431,0.826768031767522,0.17631487789937683,0.22261707385453577,0.9124729815365069
0.9307653106028453,0.880324977432109,0.4326306604273168,0.20213765165797326,0.38826784651085033,0.5934974813878957,0.24690616506191265,0.7804341621441672,0.29471453103033707,0.10326231313034695,0.2788360095449324,0.792692797906987,0.4218688696860464,0.6422401986672797,0.6454363246560431,0.7770227803545332,0.7774013898763752,0.17717452524116817,0.028171591646745875,0.014701326874333676,0.4051630835594089,0.3529771492640228,0.5482452632357707,0.3510272397859374,0.6611327919784052,0.39136709171088546,0.44695743982659975,0.23263173246457902,0.1338506131296754,0.41193994953368773,0.28539541349203035,0.4744411286212342
0.9378986921564673,0.8484733139407636,0.18005488201859565,0.14631713106902422,0.5894649772053098,0.4888427885128189,0.833073883732286,0.1985962310455457,0.3903941956014674,0.00497408618631523,0.8085121227753314,0.159994733968446,0.9103285645951532,0.5725740512951478,0.8937524294588435,0.9602299403466901,0.7079172730447173,0.7913749637891468,0.7482942804805804,0.2382241082985852,0.1925597884463469,0.14030818333613215,0.26692078323488,0.5659475033689536,0.6562482347582249,0.6306563916940408,0.4677557911171011,0.23421752734583923,0.5201290933818641,0.5784186530814494,0.16678657188761747,0.4633414902664198
0.47825980837562,0.33579242638363327,0.9575640966742968,0.9719611819523954,0.23189300331743767,0.5318125971573114,0.42152589631372306,0.5848298090952082,0.32598151337681347,0.7366881707301612,0.7003852586175651,0.12384799295674698,0.9096438003647107,0.4165488061444528,0.44512278499266533,0.6257918311133492,0.12245794446985447,0.032160405181370866,0.93383746740903,0.008009048108780448,0.37317776245530265,0.8207441340495233,0.9644501889839341,0.0876474943732507,0.6036596912689739,0.823063639889326,0.07985194231733583,0.5453105232003954,0.3892080829377611,0.8973607607889784,0.7297825337484367,0.14570859505140377
0.1372891158909001,0.09077538773611182,0.5883840358286915,0.49548206636712,0.6520982391557161,0.18016178194117083,0.7014795093432836,0.021394007674114923,0.030034295043054215,0.22435482777062765,0.8692940356600855,0.36686982586905437,0.5484015454336061,0.39699581350563773,0.3692698509967526,0.042575585301983354,0.7887021380047458,0.2720657693472607,0.3704662988923345,0.33682220332983126,0.5008685552842208,0.6114274863750447,0.7395240492101666,0.7693771154138551,0.7972886327026413,0.7190521138236607,0.17666357725569204,0.8720883723744915,0.46749381717951954,0.8553274680399244,0.34048147822241837,0.5909838862929382
0.23861337530136506,0.31061456545318444,0.19697423746989107,0.1068356670554158,0.5005161150439557,0.7830287025734229,0.36473983706092983,0.33224530220399906,0.5884616946961813,0.022970139329317574,0.856511645420656,0.4091621337007786,0.11430604168448677,0.9863713228552178,0.39211937965380605,0.2512453777256728,0.01843277978335911,0.9545581774775223,0.7165093643849477,0.020898060514734418,0.7512445382865599,0.7217956704828842,0.6152419828458873,0.7990967207128693,0.42036950282241103,0.19912132300256924,0.3690299409388593,0.19568839500726243,0.5249341589988007,0.35235460915860983,0.43465886554134947,0.5120721887405111
0.42299243882365367,0.3034896810837604,0.8466361053614758,0.6922567830217706,0.9673700990170776,0.5225669161682622,0.3772439953463612,0.10881214335418421,0.6598611343283837,0.8609092744123066,0.8492004734492871,0.33293904475379577,0.8369680559389531,0.9363340415616384,0.038571243521523524,0.8866798203662887,0.19277359108613468,0.9506105102505915,0.03696841193333433,0.21935737063731642,0.04692491671156862,0.7801881441515989,0.17433687271630127,0.5552072813352086,0.41218531778950784,0.5045013477315743,0.5432755756953763,0.010351206945746427,0.7004130486007917,0.4188548728934747,0.3392630805935496,0.6690434177298318
0.7029081208433372,0.3614792998698353,0.15726809874396785,0.05692387418393141,0.6533552823994522,0.3602909058245505,0.3770330122715939,0.4778922848449251,0.2163080621816077,0.05990046612068767,0.006909231136164595,0.053480696785079496,0.06175727862672897,0.18868787602574744,0.7631633067054349,0.11604177824656736,0.6674136383955291,0.8445796813767066,0.5082271648724549,0.0784631020694323,0.2248016621723602,0.2532853552975286,0.3804306647348976,0.09451422255341069,0.6466726980638144,0.21860536170204659,0.14854297791324955,0.8755136485294286,0.7169015589140972,0.06967505347567571,0.2691667589784551,0.5654019606695243
0.07463660348325096,0.8220602635202511,0.9902040254558006,0.6212136542694836,0.5283556663621323,0.1357980168989571,0.5955740167746738,0.6457078784100659,0.09888230317930402,0.6241281766908516,0.3894875457591136,0.7944202132462672,0.790788218611499,0.7582742079299325,0.951294114688502,0.46976731998604604,0.23590604019569839,0.23923257357363503,0.5485067314388159,0.481747817679569,0.6907860032503403,0.8189747844284743,0.3062012541806992,0.8542735456743858,0.9411712152434437,0.5707461820452235,0.06395283065937274,0.1289328870012727,0.6660796993925385,0.3610019693026969,0.028511995133390866,0.44718282091524597
0.3941652658360295,0.8157073055917258,0.558126425571578,0.34833198433241863,0.5826773124896876,0.07761528983309551,0.6071348798850087,0.2855126646078302,0.3683344676409721,0.06737353166061955,0.8918678005140855,0.5074333444839096,0.9119974675397129,0.7974704858064956,0.7597050591009747,0.3255768927102366,0.5168292103886354,0.5224990203532556,0.008370952429958,0.9300148594247524,0.5620559790678294,0.5969247543754772,0.3311080102708689,0.36050739979937707,0.7125062515904357,0.17729107110237585,0.9958154226466122,0.733733828571667,0.6744767288474662,0.9207864504619535,0.27269284297227714,0.8060094786936304
0.2386147582561613,0.3978491283123501,0.42045276973487367,0.4101661591968382,0.16505201425402616,0.2103094493978349,0.8614583856390786,0.04671271701790258,0.18249017103809484,0.08895409122360898,0.6324797890008533,0.13248085452539693,0.730240409463069,0.2961759825271595,0.3187686190269713,0.6805228366400438,0.7147382613684878,0.357525990943537,0.2455280495355523,0.34997905844950494,0.6969015956375881,0.20557327856862828,0.10946536849442323,0.18860866795979647,0.4089335821574215,0.9783693401020557,0.2712862248361533,0.469166333097777,0.554968616515375,0.6652054871515893,0.5540417069437504,0.7704295005412538
0.8591086880080121,0.45017542905648933,0.8192645058617577,0.13086769827978817,0.38279887647180033,0.12001806644510249,0.10056928203639204,0.748041745492423,0.04360420856695024,0.06378768264530132,0.6433780046930181,0.7079292654374436,0.7731103320758577,0.8002839962679386,0.6750425735420054,0.5097232964804439,0.4889958784510837,0.3198665327962529,0.9530097924534245,0.021425295418346035,0.004579401426198948,0.8745408921878765,0.8545440133413603,0.1706595348445502,0.5022988409084661,0.9473571160279599,0.268925540582585,0.3403368896008594,0.37135296004857077,0.8427140361625783,0.7697382929750851,0.5318706310090449
0.35497800324333584,0.6799271932216654,0.6637946616836109,0.15922917639745737,0.9403979532164474,0.26887109184953284,0.660922147702451,0.13461961718427928,0.2600534946837364,0.6944508065039556,0.45330578460455007,0.21472729510511068,0.1972552899572827,0.23283938385264114,0.9863475308975221,0.35649963008941077,0.44769352547917707,0.2729607593231079,0.1250518637954129,0.6783101547169118,0.7961173329262676,0.06323943745930849,0.15253198834020187,0.9927780819821761,0.3227714935258069,0.9011050998022092,0.4679299836983135,0.21951872104665293,0.8962657508371278,0.9814477193344391,0.8626848683258121,0.10038061136800269
0.40484408507704484,0.4160474082591664,0.03696390722239207,0.7642147959610714,0.7646253237765458,0.7547902553472624,0.86758230038005,0.5963356512884317,0.6867547607229245,0.4505556445544072,0.7841624368695751,0.26960669584539865,0.5483281877858818,0.9828404034471299,0.25245417176096774,0.6482246152428623,0.9635134683896134,0.21958762521982733,0.24122764835190813,0.6392152612034414,0.23729044356194928,0.22127840373401864,0.1563966125186128,0.1326010054682848,0.34527291687443684,0.3879874408184938,0.04175856252634924,0.4337616737641601,0.3025838481209173,0.9460222918598531,0.46617367344448235,0.31233166530285417
0.7979045850619669,0.7756908285856258,0.24635583491806,0.7601985196791886,0.3140702177870035,0.4241276107361145,0.27041001978430046,0.8815399255750878,0.09475116048324628,0.4218962274400817,0.7833951775258002,0.7894784645944588,0.8566883802772036,0.8012930352926529,0.6395863884846996,0.26104778013984875,0.4616964566341708,0.40280421324767635,0.5502249872538704,0.08760621067049323,0.44194733331286495,0.6349689106619888,0.06088357394340782,0.9448082261617001,0.41047349237438613,0.12896503609960752,0.4622585217414379,0.39177332705621626,0.885066745754657,0.4051508433754393,0.2855086219592088,0.6647336956988833
0.174941253223851,0.8426779690875216,0.9398580159530987,0.10736971609582802,0.3551581722165599,0.4452951225971158,0.4618841644029922,0.795487690330307,0.2420142739197838,0.7928569727233542,0.44319033862965107,0.9798676298639092,0.25378973580834996,0.6586941211787732,0.6451233294718781,0.5173950264657013,0.001900012110027438,0.4082420750888749,0.8450643691742759,0.35708349924005733,0.4806288737106674,0.1364257282296708,0.9293035837715069,0.5525249631587149,0.21706234205501163,0.033859587444883155,0.26136578981974135,0.2016270140709343,0.6744413550700286,0.47741804925704134,0.14349492576860368,0.2527435203823992
0.4365069977535825,0.762719478248253,0.4547074905862246,0.7015247074516897,0.6315133657850848,0.1162926773057592,0.6257042311140879,0.37539540204691213,0.7733221443457405,0.3177134343744169,0.27435271225199187,0.009427574454589638,0.9193218820793317,0.6549604680169113,0.6057645481625995,0.34286607324422214,0.9975843396310188,0.6141614133300523,0.6439433113120849,0.15498833172416693,0.958733535780628,0.3969912185935087,0.1298002768119929,0.6396813541932735,0.46575981345071404,0.7210610911373652,0.9281678640643994,0.591388552430419,0.9826209150484678,0.7795793031576025,0.9700688271592273,0.41302259005537423
0.4336694162068757,0.06219417618151235,0.0692793962722339,0.448456422882774,0.015494245132600226,0.8160068722580643,0.5266456430216074,0.750143219181729,0.9504159210994246,0.7538487359207231,0.6636898877261677,0.6309606071055344,0.3624336494450062,0.5572514491448713,0.7273213076542046,0.7844339281153512,0.2629427302211643,0.2355381771309003,0.12150535040364874,0.8481167692196153,0.7670218375165895,0.3552330254011238,0.14395817889116558,0.663665186489005,0.6629003020429365,0.1038134049729863,0.6896232832623933,0.35108079536840375,0.41579425198511266,0.8823106087222066,0.22373793373884054,0.005663504644821682
0.26956013967730175,0.12504446353762455,0.8448353779885686,0.04705246939541785,0.17066149364501781,0.38114306624466066,0.19115855187605102,0.5590886181904219,0.2186320942283596,0.18999640698927311,0.33776931404739163,0.062486063563586214,0.26840526510772067,0.954322906485425,0.6587132628252896,0.15676777354232418,0.10658762311743919,0.3335407752238183,0.5681390448638864,0.9193099860344767,0.34742176676419545,0.24863385696023466,0.7274454167536372,0.4019326624777648,0.29171935354154943,0.21998315216284714,0.35373796301523786,0.35863096828781804,0.04889621616965223,0.9311594323925424,0.12075384560042102,0.5317236014120168
0.18212225587103104,0.9828552672202667,0.199804823438138,0.964714639148897,0.3468609144159519,0.7601166468609285,0.856512840981213,0.4959136666215479,0.5756715947916552,0.3831432627122847,0.9166577951000328,0.49258404612260176,0.38825557332739047,0.2585881928987319,0.7177986258856275,0.29540160102032464,0.481333036986071,0.830340607612751,0.5868452855410462,0.11157768336722373,0.8897065265968807,0.46810045965531566,0.15719033286502004,0.9491150053533732,0.5644915732759825,0.025400759159575736,0.7630367989582757,0.7275274720318947,0.14846680104734944,0.27629071566149677,0.44796811282433036,0.2692581731546464
0.8044172092411596,0.6334007568860724,0.783423067240613,0.20042655820527067,0.8987132684895591,0.4615345118543849,0.5499994842035778,0.8993192970701563,0.9575976727332196,0.9966477313631102,0.11771981637185402,0.3338425865719322,0.46935598747948315,0.3916330272165872,0.9449563821933002,0.1019663196336561,0.0470611971846977,0.6129537968630623,0.5702085889270384,0.93534810660311,0.12550008346327146,0.9997628400486095,0.12288564602347862,0.7654933431554413,0.06377648945473025,0.5575262115817683,0.8376770602501069,0.22311693143892708,0.7289799926765875,0.053029384846502436,0.8072093262992863,0.7430115403706474
0.5415271105088071,0.4646194450138833,0.6734023440235628,0.5832569867232595,0.38398503929442995,0.3468913678246318,0.8155592255336891,0.05952354433474949,0.7259170323474069,0.9525775678035826,0.1644360627635234,0.2904217700933047,0.5285990073438508,0.44515086432263096,0.4154392394931202,0.779312515621133,0.690656769662205,0.4167503668688345,0.41133889655223244,0.09216749105684241,0.8428268167134573,0.9575616994931093,0.12426803253387386,0.7669124479209696,0.5562156165975544,0.026088737505879478,0.39285563435391546,0.12028935568694143,0.32969545186859883,0.9924859014243572,0.4164239448257011,0.3434264057988857
0.8876630714610362,0.5153654533439105,0.6424855046703339,0.05937306233195072,0.8512466510232501,0.717864040352473,0.9875546556130395,0.8866457595432075,0.22795014575399697,0.8708781941318567,0.6638424370351992,0.38727412392887073,0.03157577457866756,0.5525458064967844,0.6296347794667967,0.8126767003449151,0.9401047491356054,0.6615426150627608,0.6259867309357394,0.9668130795054931,0.8360925467907283,0.574584267543913,0.02884269117513183,0.6006142109767114,0.5178992419457105,0.2070516250733908,0.7535882503050391,0.15656159176322604,0.8935599838594805,0.4412093687866475,0.22513878823230948,0.04467525138368489
0.36698603949141395,0.28374544654312317,0.3007334079547527,0.08615307786148507,0.6681559091259194,0.36007431465197814,0.4605982021957018,0.8772184897055579,0.6703602265895893,0.37106126109545,0.5929318171533121,0.9432624177689668,0.8475709743428939,0.32681863329184613,0.9071168185443625,0.3616705067899959,0.13838593001650978,0.3737526171219202,0.8160610688542275,0.10296366651395072,0.913023418662664,0.6408074639687008,0.4509992337652966,0.2905874058666543,0.24537138491203325,0.33604376678137604,0.7272559002578479,0.641866185578213,0.7187980532852508,0.5669853388971385,0.5012057870622778,0.22244441059614106
0.6249348116138023,0.7798576959892867,0.9774391665500214,0.8177841862806496,0.3854585245577954,0.38171008823902286,0.4874672687267102,0.5550669518323754,0.6357132020884612,0.20670007841487914,0.5563113942803246,0.4688611787910927,0.7000273449190721,0.5915935430420504,0.5207111925779068,0.21393862548814757,0.6707621939163152,0.5297449233694873,0.49980401613976155,0.09583049271613875,0.2726101046884781,0.594601834554426,0.3628242020740273,0.4581751640250892,0.4299809013092054,0.645717416521275,0.384943866530453,0.06346294928404028,0.9891788079989181,0.1524489074121198,0.7797726381153166,0.5707068372394798
0.23960460379267556,0.07040157201453512,0.32463461739478316,0.04492862400061726,0.762847061965331,0.31752782048521644,0.4273227550513198,0.6777457662520536,0.7955049992516862,0.16874654515660736,0.8646301993340089,0.4554071208298246,0.19548015570975819,0.7095498301000351,0.9068544193013169,0.6580337831364486,0.5449124267275719,0.4344049942845587,0.7012083077659583,0.1254219310573509,0.47567299804194285,0.5540905742723806,0.535935025104433,0.28420415100475016,0.24148799340780935,0.6959832609248031,0.7487760866846571,0.2399493244190405,0.21784889006393848,0.5455650129979299,0.46264997630736493,0.7091277259745291
0.07969356724523124,0.2290743409416528,0.7345931414297524,0.20023609618107974,0.5525169844166187,0.9133167581696107,0.3834709939625923,0.10694904122342874,0.6644947299577665,0.9880005954974993,0.31149508906929557,0.9499581718486237,0.2517493921147018,0.4481675768658424,0.18815939605463228,0.5362709585312855,0.9180152811256883,0.49199812849240165,0.7384355700556811,0.5077136441281237,0.7742671428802658,0.8946939693089884,0.963575520291836,0.4635799653081403,0.1537652384988274,0.4025109396318255,0.7960976013529403,0.6639815459724155,0.06735408567395496,0.15202125493257612,0.2980459278142197,0.7275600501490901
0.1735018308953672,0.6516282909467045,0.9555553591583416,0.003716013529861728,0.25423307081031965,0.7961794060187385,0.5186287517210456,0.26695015309957626,0.861837936877614,0.16133341639911603,0.9157467524593156,0.4447832705816981,0.8722562132792826,0.6798302917664142,0.7320220541194989,0.5780696976323436,0.08371417312065599,0.3249827500049146,0.8479847137149279,0.4159979900221559,0.2555686162379076,0.7962781558853266,0.9060250728475971,0.8917091006825099,0.2893685008099275,0.7488003368027759,0.5242393747773006,0.8968598641993643,0.688497700076666,0.7944385677536722,0.1868397160121522,0.7871473496104975
0.05495154333397878,0.9617580290658526,0.11604584986621203,0.7121160397264159,0.19878034798332234,0.7262265408331124,0.23236988083112675,0.8804336337857395,0.18413380199281848,0.3156238504095362,0.6611783612159525,0.7234541414736944,0.2532787112178301,0.40188478076220435,0.18979769141282132,0.9920592595183232,0.9064490547139399,0.5273287072217524,0.9062094717172594,0.5045386599391665,0.7588259212109316,0.07517064218691383,0.7810874959236113,0.7476281319605604,0.6931584627580137,0.29813364687094457,0.3355241195745422,0.006639858405573462,0.46050567423534183,0.46989235008914576,0.9840526565494335,0.9619862138165642
0.6913992551921279,0.997582028465357,0.11216073963461126,0.5491816268499028,0.4905645101956303,0.7155547748712717,0.40592355015944237,0.7100731650412424,0.12869198271526605,0.24402813861274597,0.28940033401313403,0.434581570607648,0.7245163388074201,0.893948944849728,0.30694732732014507,0.47240257879059977,0.07002158419626536,0.31928259474619336,0.6431080365576325,0.4399535174876833,0.05502129082369189,0.7395980998594007,0.6236545550375807,0.7742852180388375,0.0538568159607975,0.6703809939243334,0.8543924963458623,0.06712397234983769,0.5814180600095032,0.8756128321175084,0.5813730887375969,0.47084283422941475
0.0336464021652938,0.9028999389885256,0.960813872412721,0.17271616817061286,0.8244713453644114,0.7966720029795289,0.24262219298104737,0.9080685609079785,0.5419022960916107,0.9363025974983527,0.1430331948492224,0.5489906746660695,0.40444463275201537,0.4432042320185856,0.17182624120858947,0.5995717578765555,0.7528675182548727,0.2917895880247161,0.622935393036305,0.9396671749650103,0.3025375188786714,0.6342378718386279,0.8906019519343199,0.4832668716874934,0.21827439824598538,0.706197734125709,0.8074187789658804,0.3001854349551636,0.5901889244940071,0.3907716358286957,0.024822953014194793,0.45616341866889887
0.30075296253632255,0.7568127634464691,0.18955852736865786,0.7699973553516198,0.8742552060727482,0.7236784973098792,0.5368088546755281,0.3150812307249252,0.4266412659811806,0.7209849870720179,0.04879435648735353,0.3479930279704183,0.5787798662901243,0.7917460415873184,0.11703507141777503,0.433190046345858,0.5488126623415461,0.8008557247619447,0.3793080952827609,0.7382030998635796,0.06535544930027326,0.21620986368561657,0.044981802482015665,0.678771294650364,0.06838807213617137,0.8190790087429486,0.9848004755849197,0.09302091517258038,0.9995222926734764,0.7708696222625963,0.9032033061471068,0.04822013368607514
0.5146481629005324,0.9293592697047246,0.4036831239507296,0.976078477081183,0.14199655545309986,0.5149688840872053,0.948145747691685,0.5546266203645273,0.7243179290860164,0.8344693970414719,0.35592270488015076,0.22370621947492253,0.3161520621882905,0.5907735444674023,0.16740027456737294,0.7362651651644535,0.2699341568522732,0.7153153423446077,0.91749910673186,0.5816603953490869,0.15561593482037595,0.4404963684853457,0.7668368993070199,0.9347108837673128,0.78135814141662,0.563708329626679,0.9165836599037841,0.3740944515696041,0.14442882942945645,0.347830745347252,0.7351754995635442,0.1142475191954383
0.45366121866985576,0.3462842346311792,0.33098736233341464,0.6516344695767406,0.32682029676633173,0.11866945020395736,0.5892519063543497,0.2962079160749782,0.8558750835985685,0.8109676881859209,0.4502957277622186,0.9693651172340877,0.07103179343097865,0.7486993215153736,0.8981500790747575,0.8068837237354503,0.9975369872365824,0.8099582918899847,0.8757999736117436,0.012333807429059984,0.2569931612779841,0.6985806651782963,0.11138913933250116,0.4664279355597456,0.6738702183388297,0.009947518870342953,0.9637572262804035,0.7511723926142758,0.4460582946981708,0.9168281414628822,0.3118218366613892,0.14056348287821174
0.845475160185223,0.8037234876837946,0.6825414122471225,0.07604977700507876,0.04667216979492583,0.20184555265532333,0.5770135935409086,0.226251280488019,0.10699770476266146,0.9692196414038871,0.529494224645953,0.33531390160297814,0.07629986618080353,0.8200700823293822,0.7402499659857643,0.43713651093241346,0.953089537274219,0.523778532927241,0.7927640322222647,0.16156012007053966,0.9953344610773005,0.6446648735047293,0.04921374945705037,0.9184740293130281,0.0047314648274873194,0.36649834131131,0.4049166019837461,0.4888519891767209,0.2834662957400006,0.12962627511959723,0.2685147351246303,0.3421314443718878
0.8420379561025022,0.17546531846574676,0.23423208989301703,0.002886669263738151,0.32903331523090495,0.37986598684164263,0.3799908202867929,0.9743047361185153,0.7203965086952334,0.2918131019625426,0.38004021689032064,0.3706144260982386,0.44767389276835223,0.6150856040306525,0.23183912824457598,0.6036535632160627,0.08720687080046552,0.5390321387654763,0.9981395027746025,0.6405696120838136,0.33322557709510026,0.033067505687269794,0.34552967581544447,0.14936065793146147,0.12160903161589942,0.32569930711722594,0.5051680817628756,0.42887152837305587,0.5379815155763783,0.21012667545081531,0.5438946946976466,0.7882438720831902
0.1769590535978549,0.19707708917560884,0.3761077448945389,0.3199850589718538,0.5822726452076916,0.06539332272491705,0.2167440329666971,0.5967230269219641,0.14095230086225763,0.36048489028372255,0.1734840765456569,0.13828459163699447,0.7895505315290412,0.7367330637569947,0.18929113871178604,0.7033916848242991,0.2868083096287539,0.8473999362150386,0.9943626925273248,0.9279905585465045,0.3996145613357528,0.40783740407391467,0.5354143878088953,0.2646335636517957,0.747976736534111,0.27757709570790967,0.4664279782764734,0.9496306560312163,0.6043480042898001,0.8751627583268031,0.9370257432870378,0.5222158088430676
0.4456417915979085,0.43861623123294435,0.8709723598514246,0.47812395002111674,0.055664839154175305,0.6585371370734459,0.834400665684007,0.587933153602424,0.8849214186372342,0.378056950388275,0.22611463678468335,0.8927890804869576,0.12463998008022525,0.33436204957514015,0.28076324720346635,0.8610645747131155,0.2836824456035938,0.09352995775679618,0.11381891749071249,0.8361498738667376,0.92984350536441,0.4242562918477071,0.8907427492856362,0.6073276710201977,0.5457672637269396,0.48655814200715497,0.7480704749712139,0.8632364946580513,0.06509738352288419,0.30133153920140066,0.7199800122861586,0.889193380369988
0.510211372355952,0.28365193907035313,0.191375520474253,0.794432702826716,0.653266250731076,0.2919840155018041,0.4774166080619634,0.9849795689556851,0.9323762941889029,0.1194357332555619,0.6754372757699441,0.892033026383007,0.6178940719734272,0.21760389905090083,0.36926685488306366,0.2669554540075677,0.24639874867624467,0.203771061903385,0.14880527260024268,0.4285790658141706,0.2694700270079954,0.2807513342821557,0.15341862983737642,0.17877951199395925,0.49882361629558325,0.6374845897189207,0.14173256831130343,0.2187678524148322,0.062923150913471,0.22991886044863497,0.4633028094792734,0.4193084288511789
0.11739380529178156,0.6516257268148439,0.9682536733263705,0.6185988875117951,0.7513802394869802,0.15257382403811692,0.04769366495581928,0.2477051021030664,0.26657102298495416,0.8322518117803569,0.2520804675026279,0.9502205195846128,0.27962488398555707,0.6519492659041258,0.6677506465744282,0.542399454803165,0.15073897610538123,0.04809098706417314,0.15634137542642745,0.13426393150685711,0.4588790456513686,0.04855900754183762,0.5755468615445575,0.2746695980511862,0.6628770600686354,0.9692247832687109,0.19796569274849352,0.036764174881290135,0.26943011784948945,0.8682194131712293,0.7579149236922255,0.5758814070279195
0.9187049884478965,0.9591284689543603,0.20096272883841926,0.6028535919157,0.3420200838741696,0.7589709355765016,0.5792067570326271,0.13025829625183838,0.2783842125724685,0.24860834238180074,0.3593123635810135,0.611933012910249,0.27029692266088534,0.09620543768867595,0.97371625769758,0.35757795209556154,0.5974286337068936,0.10205260335921462,0.8483096351508557,0.6550966495369916,0.762851304536757,0.6909416034605832,0.09385436000750091,0.7591238385421567,0.5640046517974543,0.26177377127847146,0.2775603655922967,0.009988648546070955,0.1139966493722464,0.005710565595533512,0.4232478927799638,0.44027744896570153
0.32491930901100285,0.031036112314883124,0.3227446975789092,0.8085696844424405,0.7221990212965281,0.9958156127036623,0.30139166012263763,0.9928384808119235,0.5598758763235738,0.5281257917395354,0.9121790537065186,0.2874523862662005,0.199572548975534,0.16101569122527393,0.053599241337413006,0.44020925676614675,0.6991610540402413,0.1781122738521318,0.3270371045781223,0.5335254181278921,0.2456225746871833,0.07240919819400471,0.8422785437547573,0.21253780360421048,0.8275072723504849,0.08115476918834663,0.6808972038551201,0.557205674706116,0.8152679472710853,0.0004921129721301432,0.22414481701554367,0.4330073128457922
0.33371756928543117,0.6593308157909002,0.7699208589927644,0.675926889122835,0.6849416131122971,0.6432108465207264,0.6315016599668939,0.20305674544162622,0.4655866074701429,0.6820855839284494,0.6604946822623786,0.42070879246215254,0.6156584552753821,0.7747580363107615,0.6619718852254166,0.2544415561517013,0.06042895089609579,0.49847202209468033,0.08485354852476912,0.47459070537374815,0.7311574896220441,0.7514988153635425,0.32423142145962636,0.6203520992047924,0.3779846486127101,0.8615475447588209,0.6852667636088831,0.26434915500686296,0.3482705669809667,0.35148193518890647,0.5103025483174299,0.3550947772087639
0.2428305250604189,0.6744939780214256,0.059381262825940806,0.17278066687436633,0.8132319331211839,0.2551316619783027,0.457136607511067,0.07348090212579461,0.09522854546377302,0.4986304927578955,0.1574319700306186,0.7640518649703373,0.877157168545448,0.6194331030401716,0.1545557948027132,0.6224817640435719,0.28572241654246555,0.5336545436580221,0.7401400900068485,0.25752532506522186,0.09527064508464167,0.9697861366485054,0.8175102232434757,0.08272420267123304,0.008081037849399175,0.5657371171721628,0.2352696775524561,0.1474967674386255,0.0046320492196735286,0.03428071473125427,0.2590741920589571,0.9571349436863568
0.6747162374050283,0.20110416478778104,0.8448010441994067,0.7819079887722573,0.14992025295629674,0.2325186694784529,0.24192395669544253,0.07897468690878096,0.8916271190777394,0.8753993729783728,0.11096831286387232,0.08717514943613347,0.30514513032549184,0.4948350536170233,0.8334760608563604,0.2157467900010307,0.5324942820981887,0.5725599876805747,0.13590549380509442,0.7160637905049728,0.09086849270353992,0.4091597324666364,0.6726118973136775,0.22898050462454245,0.39061232663447265,0.07546853011247512,0.8413479347131956,0.3749112375799385,0.7416398478239302,0.2640179515942226,0.4549934797125563,0.3961571330902387
0.8775338867077648,0.5623684276689481,0.22413143834932348,0.19262439284178623,0.06807878531779754,0.8250001379429416,0.3837344253393008,0.5967701815297234,0.03969876436667441,0.516889932496588,0.1264109518517319,0.6056212857488854,0.4845452684155166,0.2245639089658198,0.829332850099077,0.772940971118278,0.7315150799325402,0.9461289176175794,0.3915587053711602,0.27037675839812725,0.02791371912274898,0.03800279780956228,0.34756017816768414,0.06521133856634187,0.9343720712549355,0.8829004481538291,0.5599102633138543,0.16894030877312283,0.7299970305012917,0.43404249640245374,0.5101517821262466,0.055771323793308625
0.9454995259238775,0.5976253352343085,0.6408735881542049,0.5253877215761182,0.389185724845027,0.566835380370841,0.16426220966164307,0.5296943739190136,0.3688616461956522,0.13662394069013772,0.05491643665202206,0.9980775865634541,0.5696478848198677,0.6149141799593196,0.9611331154900215,0.5192372447601925,0.801022529198393,0.8645838678169878,0.4293328035879669,0.11066120099663013,0.3749651364397305,0.04280674785281979,0.8806237322897601,0.43574739773484494,0.761138542625604,0.47718589971055525,0.03892049405874498,0.6756502954172767,0.3927622678703835,0.12623172438948738,0.5345157145199426,0.9194551334890595
0.1029413478375798,0.059219348174687214,0.8256527940611877,0.12148103439334534,0.14827067666972027,0.245921542779859,0.5314542940281468,0.16218009964494295,0.41324879388804003,0.8516298855641921,0.6575943352513512,0.5030090118303158,0.692807480437054,0.9131809745619421,0.5354180937034356,0.5844338822552044,0.7169377115639414,0.15789471485353868,0.9107258635157646,0.8050120932306112,0.36767013479988864,0.9839957834261442,0.5919614414372427,0.009977229736578663,0.9830059201281067,0.20318433911560096,0.9793734264741486,0.2839958804869147,0.47868663797364297,0.08172779901098282,0.8367940599640067,0.864056267228521
0.21583218874916277,0.36656444259469256,0.267644640644615,0.44287331852898093,0.37048156164798807,0.538504035210246,0.16207547008612178,0.23106935377089854,0.6453286760871437,0.44699704536066154,0.33102426408303265,0.4287530479189334,0.484167241875348,0.7183750707263665,0.008862400071329102,0.7176071270393569,0.2296389280679082,0.5655512372792239,0.4886000357304282,0.6554967431127987,0.9571150371594482,0.8397875598859684,0.0943469849019678,0.9405060795647407,0.6947840768196166,0.3302128114500329,0.8736732666917627,0.551931834639144,0.49385723591845754,0.5527060674097533,0.9037369260045488,0.6169657537749379
0.4892283140266289,0.6172322752687663,0.8578530461462788,0.7889680283523657,0.6283957099765412,0.5018389044487317,0.4020192137881382,0.0046539006806303185,0.7812449075190261,0.4518136674064638,0.11129705206017104,0.7918169877843562,0.4894130661321987,0.5279235305907151,0.8764410834114335,0.21518022979924167,0.3693549076921566,0.7789194884136889,0.1123654515965874,0.7241410599188037,0.8462725605832978,0.13969457685468423,0.23483467703536176,0.909813403445994,0.312601827637923,0.112920408747326,0.7688753147951338,0.7814102394609607,0.2672993724871504,0.08162893168562635,0.022471200197574315,0.24589974605453657
0.5779346278903343,0.032108823102454886,0.7098288116218062,0.42338231417336203,0.779169151037819,0.7963109989878584,0.7812369939403507,0.11086191633109954,0.2958421072988586,0.17420811862940078,0.8789600145605412,0.41279812882697253,0.24154657300107774,0.5242489698027972,0.6745630876867973,0.7556516472995237,0.44600484915335326,0.8450031071058346,0.8572037118567308,0.3024659062887919,0.7567084857888902,0.18434094368538378,0.5209586190272345,0.4466621316274859,0.031823525701368593,0.6589588590981889,0.6226061128731727,0.696154454733621,0.4565677820242223,0.31000899537340476,0.8614406832513628,0.5399298701907144
0.8340764129387546,0.6419811488143293,0.26978883815809396,0.24144281557823044,0.9629037681759258,0.410185095011006,0.6281653898723667,0.740219062689862,0.5076873670141969,0.048494332488047354,0.2429847909887044,0.2963212361371219,0.4342442344501257,0.36252417877339593,0.27054165769128524,0.11932184876058793,0.5833205859659837,0.38955621043755717,0.7539349000043103,0.10394508573050154,0.7836585653433624,0.5095838895035124,0.0008266031196211276,0.2753768512675032,0.4747801985232091,0.17428358938033495,0.40625715934976425,0.5815021115952983,0.4004502071337491,0.9924014642545544,0.21546986037775462,0.9805276222184456
0.8203650677899257,0.7925317442120073,0.009351556762153601,0.954253748641093,0.23272950994843056,0.5234205239260928,0.665930848703735,0.01857116246037349,0.6856501189394982,0.3458692636606767,0.811647278247637,0.9980681529914409,0.48877280646434895,0.7405479979362827,0.7349745061245191,0.6887900606596594,0.886615878419547,0.8079878406288088,0.5508821557215751,0.5877447676714367,0.7215180872215559,0.2355827262416459,0.868130068876699,0.8230958302929083,0.2662060164195331,0.5127814815881578,0.21683743216342943,0.8824448316589932,0.8492389841272701,0.3012495208385878,0.604695286162357,0.7455911543337944
0.24428786919225454,0.804974631427932,0.44270138496288103,0.4008528772780574,0.6431580181620021,0.3591363137225182,0.08298378596330735,0.4248546482469657,0.0930322759064478,0.5141114161787294,0.8244478999378048,0.21635205281972747,0.8580759862164603,0.040066631458765434,0.799083330421048,0.8165523684836348,0.277179318622505,0.9943118098217981,0.4556637723800724,0.015071017273228238,0.0763720808210614,0.9786324457821451,0.40520821686677455,0.00162951740427153,0.1660862908640417,0.6433464109566068,0.6619343506129385,0.038385046784076504,0.005082759172550078,0.09880509770200219,0.4752988556858112,0.7969221303382493
0.7280204913938705,0.06390160945618939,0.856212616125127,0.9645436689262348,0.0652557912955597,0.7942852641021196,0.799018778004671,0.3960814783831622,0.09799071093975875,0.5064690130950251,0.9973095659882593,0.8981229278775635,0.7990833780449711,0.39495863659196884,0.08448856005452154,0.6350482180877075,0.7894825791362391,0.01903028862159839,0.23336994568679825,0.6391934806882773,0.15994046297785258,0.2340867219114785,0.4830881472150411,0.32740163096866026,0.06988804045513741,0.5871555158686137,0.1862852596084167,0.3253179862312071,0.9856693255249807,0.5864245003730977,0.12996993935148915,0.6553939803769748
0.5169336742357157,0.6068779553882133,0.09537791982373023,0.13663734429016083,0.46265354293356187,0.0992503324363605,0.17609247423543417,0.5406808119013243,0.6617648019092398,0.7687602448244424,0.8214388930674114,0.692501623182821,0.582808367753424,0.4110936165148752,0.573467981306537,0.3170861436918718,0.03566189761209815,0.44816515398562307,0.29655574478758384,0.37055309761007427,0.887102582480407,0.851844171018656,0.6577557081452491,0.4018371440998584,0.9864378987378262,0.4772879004905539,0.2581882352172775,0.5340902567774564,0.020997094448488296,0.6739779731358504,0.9613823818145795,0.43772852677711127
0.00024482704232386965,0.773373293880823,0.035834711605375213,0.38393994282174826,0.3693152395013777,0.7459378788198959,0.17666097010248238,0.6565920632770182,0.26309368441835257,0.2663929157229882,0.7600862174805447,0.8916094115383374,0.9965379796937498,0.016839193777438144,0.02420472194106249,0.5449288579253023,0.23914598170862222,0.5414250901081479,0.004193407105869129,0.02780970044233999,0.43583714268711826,0.0847351004831175,0.4851186580885586,0.6563605149322012,0.8316831230614574,0.9476163477705403,0.812050928311739,0.28659603647970555,0.9708851695889925,0.03712951505316309,0.5653477214539732,0.9545069516039895
0.7137617903580813,0.26084505428437377,0.33361765138724275,0.642241472279758,0.8645777878454567,0.8703910374192949,0.005228548372207542,0.6160087762245273,0.5950476292079567,0.29647815888152895,0.7102406727543902,0.3943932566237802,0.6445690785961119,0.019906064158264014,0.26440120189529837,0.029917295505451635,0.9125667950075662,0.029978633985338177,0.1253559018133258,0.7853144156767743,0.9227630900336257,0.1709931615372421,0.5208865551048506,0.9272455816820001,0.03981125271609809,0.8057326522899491,0.2419290077043269,0.947813498174167,0.19068136832097582,0.2754780516870873,0.7887068277186294,0.122388103077955
0.42191977615550935,0.7678568012242214,0.48534016632173793,0.5856536355781861,0.6039554257611578,0.7325661335575391,0.6089942963654122,0.11200049060390604,0.7263636752429767,0.41491530592792614,0.6936500901979322,0.6968840481946518,0.07621147425734098,0.24784515992281653,0.537389349340423,0.4876956355746186,0.02356792085932069,0.29051409855283494,0.4421170447986923,0.7746975466105704,0.6281064227609245,0.9118103274765591,0.06436195932374011,0.22591724341550956,0.7905104158025626,0.4035003130034994,0.5303964391205377,0.5186808963322213,0.7280316306460245,0.904974675987377,0.05180342561770768,0.10802424670983868
0.9695248987367409,0.13312199544639702,0.3754690111829374,0.20664142198047641,0.4861778083447267,0.46102943092179005,0.415885737987697,0.8325506014254382,0.11188534945950213,0.4566736739962891,0.6211869362736058,0.6228439265679148,0.13189936180359263,0.7423528304934185,0.4970771446526556,0.304025192815931,0.3070350873795986,0.6816908178922704,0.2414308181350343,0.13154391408060384,0.1464400389893794,0.036808321820729684,0.34048039248287776,0.27498333809097286,0.3981676015226354,0.6382250319512942,0.1063295488721272,0.012730227105724468,0.8002083248480379,0.5623522870444715,0.7010696411732917,0.5830316186955167
0.1654211710608562,0.9693957105126275,0.3518710924870616,0.21745941688608805,0.036370493019077244,0.7242193412574205,0.400841678577895,0.9817956595430282,0.032978457799958893,0.5749209464891297,0.021980481506123528,0.47546108125109476,0.1338425596150059,0.08427017070855125,0.1482161660350303,0.6377678723890162,0.46609239496865507,0.14276654639657316,0.36960543494527587,0.7928582831435224,0.6474073966066579,0.7515672987945157,0.6478310463441387,0.6518027748110035,0.3762874241126407,0.001167496870437712,0.009650197463988097,0.024076394464767614,0.9207645728162421,0.35465822918089895,0.06427755646472222,0.8926701626781098
0.3909957244530403,0.7732075982108384,0.7952567752455759,0.6550687492370882,0.133643526420973,0.18091338118915,0.6671310701967426,0.23294901690370295,0.5118351860989192,0.44707131496101415,0.5285835267824185,0.27706666956631176,0.3297384612167259,0.294848265020084,0.5337149323665167,0.017744586209853752,0.014582448956028338,0.27635376154251634,0.5572360787647,0.08536028366070181,0.9994048279763292,0.015264915677546398,0.13806809156712363,0.5305670961879695,0.005385824891015578,0.017470031579273737,0.47389421514470886,0.46904024239389,0.44158693765229995,0.8113174800494366,0.9121991449943503,0.7497655113938209
0.8577400010004417,0.19425484872483434,0.971884645414685,0.14564099765302674,0.14590015967021053,0.4288699572577296,0.9755055315420572,0.13139166669003965,0.7460483848302324,0.8165463875347828,0.8160652925793596,0.41620736629221977,0.9281584949460174,0.26596217274524503,0.44702616419014507,0.48282874517427676,0.693572486656095,0.8498616079942974,0.9993951736826321,0.8225492306635369,0.6436284037198,0.475722759784286,0.5294381267946913,0.20412623528385843,0.2585256207878789,0.6126475111476621,0.11508512286131811,0.1640080380511042,0.5393880411378417,0.28161496319641677,0.5046719231683214,0.960901389583965
0.40025774739924436,0.03196737882887413,0.6565357474163263,0.07772815127900523,0.7318805420160814,0.5963981540442241,0.3650526235616749,0.23392035597648797,0.2698797460223915,0.1254387517638751,0.9615949960872614,0.8011450317642896,0.6870686948286384,0.6432989717453861,0.25774715692136274,0.5917955575949333,0.7740674121430615,0.4167746017281587,0.7005723013346068,0.7333368739485028,0.5813577551577664,0.7188870342406768,0.22245130353307885,0.0005763459235070822,0.317785913915582,0.05993822142204874,0.4250905220747988,0.8404797684478261,0.4902320889637276,0.019167401307018217,0.1636211770542494,0.2895127639469983
0.7886962324937933,0.24785392014321772,0.9582374861952966,0.18077797429111375,0.14871360712772907,0.7480097908743782,0.9375247943923256,0.7039954232893665,0.6672400134342136,0.7130351444312096,0.7304555803458002,0.3933327540982323,0.7073713531501575,0.9825561728620479,0.9033438300077115,0.15779932362366744,0.14507816587511257,0.7516645279530743,0.4808442951239149,0.8974822464768271,0.7336464877436825,0.28333997910494757,0.5305347333062517,0.3975016544774288,0.417825291612667,0.11302649389427821,0.957778556562413,0.8088369762558046,0.25814798708540154,0.569450429591458,0.12690384888970785,0.4824540561038728
0.6197127799416843,0.5860289500511386,0.4798660495113033,0.7796473173176863,0.5136964734188809,0.829651805956802,0.6335711983043651,0.7689720598370994,0.7352593986876553,0.6647400980469952,0.55910416863239,0.639909434929416,0.1652949619980275,0.04724089043322666,0.1445543492711423,0.4118116043399833,0.2159955984605384,0.3728858653793943,0.8009617872015733,0.08225878310084855,0.5709336661933584,0.9701561996032919,0.6611800865721469,0.03499866293089382,0.9976698738427205,0.2341200922313007,0.15024571775477424,0.1796874316942043,0.1510954910778568,0.33284142567305275,0.7900089836534328,0.24936328702370192
0.6920261925362498,0.2742635533096893,0.7652653324000498,0.6138065417437442,0.015346477099153155,0.5289241421112484,0.517243570959239,0.20829750913161094,0.37945198373962563,0.558695671735944,0.9931112101286026,0.22995476592484043,0.7429923418937636,0.4912051889949287,0.6710500700542518,0.926775257958528,0.5980512193983328,0.057181132310124894,0.8137995030587182,0.5213904504267312,0.42703197250085745,0.5787551320331251,0.3619253116407314,0.23318036010297083,0.40838561092530146,0.21967181285645154,0.3621044520702673,0.7625795239177169,0.9538943896915335,0.29562169787822423,0.5255595630482994,0.4105147489139761
0.5185202622221777,0.6766709313935404,0.18143299764846432,0.5379286005848314,0.11483459276521402,0.6437181522736214,0.9712983158367916,0.9786775137969089,0.4510490465292596,0.01756899654414612,0.328525525074571,0.5106340443529769,0.33629435708130995,0.5691802103928308,0.37629447005739025,0.2941110501186853,0.6389443624759702,0.34088378380682927,0.2717007699075372,0.701447167406415,0.22930598327536666,0.5047728979790327,0.8810680427676307,0.4728739615444043,0.8712950253802231,0.8947295542696562,0.879442726512011,0.3397476638086294,0.07577482068800001,0.5621033509654636,0.8939482377255269,0.42799594198686
0.4391021340437594,0.2885866016791995,0.8440606713885581,0.08198927846153525,0.1354752205812455,0.9847872149992293,0.30087123025709617,0.8807554650911738,0.21247830644898946,0.7619229565399931,0.3941048345032788,0.7420282237144479,0.2443703999387531,0.8989751933153033,0.10622195733057105,0.6961583873698345,0.4504889977815426,0.3190043458863031,0.7292811169019109,0.5551168605332871,0.7956160356861676,0.8047450398702706,0.2582853936260602,0.7814835302119784,0.1432044846340782,0.2619587261815163,0.9258310556851874,0.8763342312596758,0.9477415940034651,0.529784638128062,0.5274139781716937,0.2727415592505401
0.9538918231505648,0.4172604991635709,0.7974705698973783,0.7057672848196186,0.2473097787316738,0.8665514903916216,0.8593626498960203,0.8716057791760539,0.7194140081356877,0.7561713326278299,0.14404724627527565,0.6002984512417723,0.6796663027740694,0.6823299724424989,0.27525090061744073,0.2938701570894503,0.08710018035650724,0.35668063638165826,0.035755020649106406,0.621244587986598,0.7858480611439334,0.41458739988375526,0.6376741015419228,0.7016852980001315,0.9902926136015577,0.5851756975326349,0.5968806358814166,0.030077887284871485,0.2152334603002083,0.174662396253501,0.873475859922345,0.15243182733555793
0.41041473717305454,0.9818335868030494,0.7662437321846863,0.6859405351792034,0.376230256373956,0.2678683173983003,0.4052946703579079,0.23614287476753426,0.9317917351637459,0.16421263870920044,0.5548981227540054,0.5906460033928996,0.1351263525969243,0.42839250265503515,0.2487604970569064,0.4865816654978491,0.602791371710336,0.39566352214700284,0.22065672217286325,0.7685761605121443,0.484200174319542,0.7357639580452137,0.6773016298075262,0.9454996801724768,0.7499380955499403,0.22197320777140128,0.2944686746369035,0.4184797346350715,0.02915795094037732,0.36192009656520086,0.2545612385535796,0.12477603613574562
0.6263908904536397,0.3249571107386495,0.0785007577898924,0.13222617924478985,0.8352732767198938,0.4545401461427394,0.9381533905521752,0.932713455526893,0.6899423761172739,0.25982835611329125,0.7214603370563003,0.29709981156678,0.08855027612106481,0.5259398492788114,0.7352436635182463,0.7183242959271642,0.5042533893161539,0.8500192814042618,0.3308847487685008,0.9124803376980091,0.33134461520588077,0.510709738245982,0.38778083878706693,0.09496311125165968,0.6189035508003149,0.9027190578543548,0.27753673907160714,0.9052173549425888,0.6313664577481201,0.20718978053259507,0.8744829200026831,0.34271876631288134
0.3380970958456363,0.5383244991147275,0.2388805949700794,0.024727214394395514,0.01907437867681616,0.1372136226958427,0.895785306565023,0.5056557312210457,0.9703362380636369,0.35640267043722507,0.22092451792134438,0.8451991992492114,0.9790327165342901,0.47263650730302154,0.2533796106585411,0.9909282698314276,0.7111197488344659,0.7134119465460015,0.4167244367632543,0.5779558657063993,0.6465576425573069,0.47864105770896836,0.5722531976212901,0.9801537373216568,0.7164201351790465,0.588749183865861,0.361753598797002,0.8591596613603713,0.9322627189300176,0.5658305218661601,0.8196916839145878,0.7115307060717935
0.4098735438484218,0.0859079096991553,0.6622546228167397,0.5459487664678384,0.505519137454863,0.6650885527136745,0.7947505628291444,0.7398455875754312,0.7938304139060799,0.40805209952083665,0.8299833972800372,0.09310926614111092,0.4666624931062222,0.7214567899464426,0.8047992928136664,0.3971297829055035,0.48952009542148944,0.5059776562018768,0.698970766613909,0.24046553771386658,0.8951523668034642,0.1144320039324328,0.6295464079979648,0.4725608782260752,0.545540436979175,0.8536906238716344,0.8489548574968275,0.30889644944279604,0.2555744156829304,0.8401877223181105,0.5036750718274446,0.5319783346595093
0.47942248857800374,0.1570181986544823,0.1897691022373742,0.3073509198229424,0.42807925779420775,0.15513801004649574,0.38575055889915844,0.8833585850006466,0.4426901828382932,0.3529561724606852,0.5828824756906267,0.10430356463213641,0.30054054659640095,0.2855852384997516,0.9153598230388381,0.8838447823515012,0.6339640752263249,0.025405240692256248,0.9394406885056679,0.25019201330629104,0.39951057078458085,0.7696662259568762,0.13736720806891867,0.40414158460277216,0.9638516031121748,0.16776878586136934,0.5127348146014972,0.2679471504672646,0.5552247848862348,0.7789632997549868,0.3383258898702648,0.024726745829659724
0.9462493278409904,0.8537097385411335,0.963115432646719,0.3563700241665805,0.44104443866135423,0.5446989658378496,0.44333036094806155,0.7119978231756524,0.6090359440202733,0.038505573499809986,0.6997717819829015,0.3364360373409985,0.3089080791041169,0.5473288798920252,0.41451868738927855,0.4723342448454566,0.7275596558446928,0.8480429277863654,0.1342096003859572,0.1700764531458926,0.649226072799994,0.177482181573706,0.3417983879216582,0.4281342993446372,0.9027584083203398,0.8203268104859402,0.7919992322786951,0.06896802328957774,0.1909217810058753,0.554308795364033,0.5721607136868792,0.35207615658224156
0.7799005993324482,0.44572197741472697,0.3965121049146735,0.44620689651479795,0.7234032157987139,0.677307985048021,0.2290658198479376,0.0835408105566372,0.3035043751469201,0.6868690137495151,0.09419683141446855,0.051590384693563585,0.43805963860469754,0.20415597625679593,0.09844152672646178,0.4773192744852217,0.5758243586731575,0.1970700019848478,0.4858551504880372,0.8953706763934363,0.559835799186994,0.7153285242693174,0.2242771341106342,0.9304289903471127,0.7690205635853865,0.6036060988798462,0.1897101916999846,0.27976683408947156,0.8247119857510526,0.2740541700072897,0.18167327980246817,0.8802085068206341
0.2329901711486253,0.711080882332453,0.9632572033291384,0.8119097496055343,0.920082897275132,0.6846306762706247,0.060576832347447596,0.23283771820892385,0.6407468088528693,0.08511942537995965,0.02876455506347353,0.7737350350679628,0.12235724834327988,0.2460729953932499,0.7691107291173646,0.6034428679264356,0.49610564749861197,0.27637045589747256,0.04263418484928849,0.5932378230458623,0.8153947145526272,0.9057969664060979,0.29472956820769347,0.028303550377655307,0.5246467047483044,0.40244739871818525,0.5308423110632307,0.37001348070713524,0.2632079960094428,0.04627065477459258,0.6443464175043352,0.08545279896260338
0.2489392939455466,0.20415227973121286,0.7669448716297849,0.028423206865139106,0.1794032967117789,0.46929140358689647,0.3138536786067522,0.1391213892407397,0.9685328320141585,0.16414105241526977,0.9695404882679817,0.8696787475624874,0.4901283893717704,0.25562176576997775,0.03689969332649845,0.11666119446877665,0.5845019262504002,0.09875803804155137,0.7207953818891573,0.7470080047641511,0.7442834034058066,0.404419571153397,0.2205754726046748,0.6712494058633552,0.14408043613515398,0.4358672400598812,0.07585960035115713,0.48556674822349943,0.8640846697139433,0.8736965093760586,0.8626230796460415,0.4269041398572604
0.479736539770268,0.04180926040477184,0.5741758561741204,0.7685715649442802,0.47590645719392377,0.5633003271807873,0.7475842523043682,0.5057899662928848,0.33113084882698884,0.4901794872701999,0.7642236755566069,0.41244338197321717,0.608222966304454,0.9315465916216734,0.983825121285737,0.7704981452309644,0.7096163137095987,0.8679221559760149,0.5626568519731101,0.06557272725516894,0.020788819173138462,0.35370775991061076,0.09823773150544757,0.872975900768375,0.5712018507998294,0.9912881847904418,0.9565002229191677,0.30304923421473573,0.7319070183256481,0.17873513397089258,0.36571378615244776,0.6037469405960594
0.5662949029063534,0.23358645379304765,0.40413423421135697,0.6181194335028825,0.23372649053399852,0.192826367833273,0.2522614028277058,0.30577940040259177,0.008845665219369692,0.07338871259749657,0.786111217235091,0.3064275441405476,0.8581967171495658,0.2881865003808529,0.7286351512416483,0.46389430609475013,0.8202183354425172,0.4017855324103734,0.0616394710627064,0.6303408445514945,0.03286412702101482,0.11655590938100158,0.02214739870205329,0.9311327693813916,0.28109880165124834,0.7873458515481768,0.8831123689647932,0.6519322449061389,0.49869594745111023,0.5492967884650242,0.8051771473329125,0.23583845235238765
0.18830521570622683,0.28247584392098746,0.2915452932011805,0.06796724598955695,0.7390092395057605,0.1332024318713776,0.04659823766798532,0.8434246326290248,0.9451791851760739,0.4861039722000289,0.4266346836486554,0.7571625594402467,0.8492660261047382,0.6726951966667659,0.17393335021031175,0.9898288369719255,0.5037918266058966,0.03205813522038514,0.11471532985748722,0.06488127209392225,0.17185878376096442,0.5218617215176918,0.17022953627055537,0.08483641700427802,0.39247878446620965,0.8950686248509909,0.9193101423427967,0.3491322555100924,0.7396558591095221,0.2309824013024181,0.4139840318478607,0.31359854011524235
0.19553569486314992,0.881988615749183,0.8895867550882903,0.5976840660176611,0.48640554940414715,0.3590256384843177,0.5141999238005073,0.8629572123556543,0.7577869817547348,0.6137201648634999,0.5013027501425038,0.033646430106399894,0.14705499506032194,0.8113056096544025,0.7908992513174996,0.536795376891772,0.9929654769846191,0.011183847867197727,0.0046213167237033614,0.6501103097419232,0.9650698130586339,0.4955431285782901,0.418395075641249,0.7355252955963261,0.11193143864210364,0.3359901218485023,0.1314279495236521,0.8130264321758441,0.8447683084581785,0.6288947419492211,0.6971621803880157,0.02792771782230352
0.33072579177958183,0.29761899327922037,0.5276889785722095,0.9817215730872377,0.6797028183143232,0.5886601399408956,0.1953557015925127,0.7843228458392639,0.000505309412766719,0.7683424655662705,0.3518279580511374,0.7481886787386282,0.9043720954581976,0.4586278720741258,0.17926803050859552,0.0398472198459735,0.8678055780597046,0.4798267575502577,0.9423858092926201,0.948333390411309,0.5916386628027239,0.2400808374245873,0.3421417534293122,0.5372288310817722,0.2600527489281039,0.9757360813229946,0.6078837278898594,0.97647523768907,0.08891900912510231,0.787584721191356,0.17660836538362779,0.6128366048693691
0.8258978224478827,0.689861462857103,0.8698031637782822,0.2943574216347319,0.37018844963750264,0.6425465393819106,0.13219167642286378,0.034530790692826385,0.7324989894717521,0.08856241677519061,0.3619897775626417,0.8596427178082809,0.6450694333684336,0.9870680562558869,0.7106368837483347,0.4491183500471414,0.09471666962935887,0.9060116582990995,0.75770273038421,0.5193180031376435,0.2509662214217616,0.4287256637459087,0.7757940617832941,0.18056541455683783,0.6240486099388429,0.8042210943662756,0.03288648780801362,0.2428369033926716,0.6069275712700853,0.9113964354044423,0.6573401064059271,0.977189342292942
0.5761116872156684,0.5865235885306253,0.3495006249169338,0.6830064580759219,0.5180192953430001,0.6568420667313609,0.9013097013950715,0.08367125376374651,0.5604738658378979,0.6101831606229904,0.27767292358729356,0.4871179633316187,0.7952337519302889,0.39535433033793,0.29970701132970223,0.6469210298417364,0.08828607516044984,0.3239701051925057,0.4188274495102584,0.47133213806223195,0.20555073303770088,0.9799011032558008,0.8651155580456571,0.792524822999622,0.8033635575068424,0.03476451763020949,0.12920595824369163,0.3157508485194537,0.01742722645756556,0.9426827024242809,0.8452910446283214,0.22368500639725408
0.7023175214524662,0.7951790959250968,0.8213147972373154,0.4263168276380951,0.8089954200976678,0.39141749330990605,0.5597163976183945,0.2431826264795801,0.8326750435942546,0.29550776752479724,0.754189259465016,0.8109915281051576,0.32145902862767617,0.11207603475838335,0.1440225555341772,0.8639899673492303,0.520847078239148,0.7314843912079337,0.7030696235196165,0.692582496022589,0.23762671325338314,0.9781801768925782,0.15133825794576983,0.14852276669598852,0.6878775372418806,0.8031821515731431,0.5784761323592453,0.9284616941875676,0.787415673546431,0.04733055329104707,0.03501045881195397,0.9057529379390933
0.1047626388561329,0.8938841736682757,0.7660116259273839,0.6092065439648405,0.1360292796612278,0.2000663389175924,0.2234133906186987,0.5384279981681296,0.7673062241939307,0.8589831356627261,0.12936588501934387,0.9967755944411808,0.16727682316499615,0.902338956586297,0.288888397273497,0.3095665131721752,0.4679634895060195,0.5932763370902099,0.8476464160345479,0.16636988034528555,0.5147348938410394,0.25122325683227686,0.8469153276676994,0.836816333678821,0.9524000033079802,0.6911225213145288,0.10002102437165195,0.29112517668269,0.8554481554042842,0.760544186546324,0.9815288313624259,0.7137303421583697
0.07078580216240138,0.27534312230555336,0.671046412942063,0.33444932488384216,0.9725825296038377,0.9244119877774116,0.18103356196694953,0.8038852014868584,0.29385048660262647,0.5564311560950561,0.7966542899044857,0.24389843502873865,0.6049925106411315,0.838672721633405,0.7821262076166827,0.15266720714647153,0.9270418653693647,0.64057864426065,0.3712016474213128,0.5389788772275477,0.13236165106095,0.8769473691940771,0.05021782893872517,0.20593057629113132,0.4343985924709374,0.38319630329969545,0.05281148943569136,0.5510391291826982,0.12775688087875658,0.6245616790241952,0.13032707837250412,0.14274323891162755
0.3918271485293059,0.5187896833915266,0.013001879586789444,0.5593740106103063,0.5638670774366653,0.10921166090142387,0.5838087523496193,0.8248055876313201,0.6234623920482864,0.16650169096434653,0.46684755558734037,0.09480099126245589,0.5313429401745624,0.597199412524054,0.9630850202907085,0.772706532908143,0.23541352493557388,0.7561812635835753,0.8528341335325827,0.8723474416146273,0.6364534906693781,0.25481681668667133,0.6006322791627713,0.0811864523022362,0.469212910396302,0.1484368336214672,0.7523023681380622,0.4046030842870625,0.45582329867808247,0.2613473160973936,0.8073814624110716,0.7187670962029198
0.5716510050703578,0.7286298306070187,0.928144543637631,0.7150222261431555,0.12370410796915232,0.7154682764987348,0.8736784768257778,0.5436752119172802,0.16324282831005488,0.623150596754398,0.48137099400896277,0.13905873888768772,0.8363699414782293,0.609382935180468,0.46645199253733927,0.23378513322498584,0.17905245558544247,0.42631070237785684,0.06869996065694806,0.019675062596001047,0.9787187360257347,0.6072188866683585,0.1267801294256764,0.9553551254218282,0.8584794724143477,0.03768392061321746,0.4531734921116358,0.8329019107573079,0.6710470262196325,0.7516544059864715,0.15132781681324758,0.604597008572031
0.44674938166445577,0.5243540813366759,0.10519706823617625,0.8701831211786223,0.7521114715278133,0.2639962061264226,0.8287343146116504,0.49263036473828814,0.44420194247063094,0.6761322440704124,0.8985490957332867,0.4546602136622182,0.006270084386530761,0.6360149564930897,0.584136140167549,0.31443700152863674,0.1263270388407578,0.9145648749430515,0.13886315309084318,0.3058594355511489,0.6969893673344824,0.46186997510166383,0.9394135214455093,0.08461050332512143,0.3573547275679205,0.17077780003175413,0.09114800016327762,0.45132811212675694,0.8089426099914199,0.41177752477608687,0.013215673222254587,0.2542123695577453
0.9064000464731468,0.5157696978953753,0.443421546003123,0.504470833957886,0.016738869089009345,0.025019576271589128,0.7798252596536962,0.2893699955045803,0.9030584296332406,0.9792150580877933,0.13359815214572546,0.25297884250629954,0.9580946934359672,0.22720637922241138,0.504841731787748,0.14974107817602345,0.7087674848978534,0.26911141325000254,0.14502173214612202,0.23857411952811414,0.566529152433575,0.35973152710676737,0.9833731773856826,0.024194272044820275,0.7586125412932174,0.018447242158531996,0.16925830617128312,0.6200146563593906,0.6100226157350825,0.8456480395008503,0.4700853582294431,0.1489278562852704
0.9326072314326108,0.99014670714245,0.7947068986655453,0.6176724452869775,0.2151861828075584,0.6750285757655679,0.6695679566051137,0.5708800962236625,0.7691210800891146,0.3655626245661687,0.10081851075936188,0.6652139680399798,0.40891862938197987,0.14604615527434772,0.8857385100085072,0.5680988949288053,0.08626397413853559,0.7994113530513223,0.30259828100815067,0.15350004632117287,0.6213383788249534,0.7737514617263594,0.4512637858474524,0.5762049578323418,0.8199273788250063,0.949125189810488,0.7283986586281372,0.4830558576487316,0.7516977074051546,0.06833539351348872,0.14795004849646576,0.4283457026443359
0.6760301861583966,0.16912362435362738,0.3425180420371965,0.7621217300913765,0.41895228587604605,0.4265760720864892,0.9167728147093989,0.9427874070937533,0.39132304557463526,0.20720371756067546,0.02875942713739532,0.7442028247934902,0.932043216020769,0.2379870487521618,0.8788916282093002,0.5577808093734133,0.777778940557104,0.7925451632771814,0.34696904907861814,0.40947712631620736,0.3476367019125315,0.5137301884188014,0.8575797449698047,0.1238162713480121,0.023053655140726326,0.13946399262898135,0.2134612645561882,0.7593841898213939,0.27665198680321346,0.26886383225073496,0.07203628567572784,0.9442985272634863
0.9520875548945438,0.5336632997166951,0.5596580587207762,0.4808197831361266,0.34466242967843896,0.527627058131898,0.6870976410847427,0.11322968263838262,0.25914869146451536,0.23036008830057697,0.9140183589834538,0.8757776048941015,0.7884011401596956,0.5322897716704802,0.9345126400370232,0.9970333211146182,0.5870001012991803,0.4100471537575572,0.08134358911353456,0.29879151355050637,0.6360410573035513,0.3704090853673012,0.7186224761607886,0.20538436532513515,0.12313924588820624,0.38495311143029476,0.2946883442494056,0.069842569321928,0.768646906823264,0.5755190388052261,0.4778821817983332,0.11034493355373498
0.7600059077049106,0.15292381223116058,0.25065807383412697,0.20736635762892364,0.9449150039658781,0.33342974484380905,0.8385902127577792,0.43937956893705254,0.05445388021060804,0.9823046284489041,0.056999433328680515,0.5893160855635219,0.5523047151742287,0.1212262249430327,0.8631201531619951,0.13679774171118764,0.9632285875672011,0.14535343781980348,0.8086902324408843,0.0032877987901369643,0.01219537458863107,0.9937643532474056,0.984041074897683,0.05005609862101834,0.2650388586403263,0.5469907384255436,0.3747546953035671,0.082124630923608,0.354773744563877,0.33701937567091567,0.949375990098274,0.7258684901450022
0.8585900136973889,0.1239959806040869,0.508982454207019,0.40871174904205887,0.1192306402549036,0.9547466864382266,0.8869004701880349,0.10863708809489914,0.2321128993811793,0.3741595604050174,0.13720876063214205,0.04824069461656377,0.7814546733556565,0.7285410745735061,0.8161597130532464,0.8689512170330831,0.35194209045722025,0.6380125055046001,0.6819657342004604,0.4557611879464921,0.6761327989008592,0.12095802683470447,0.8565945852310445,0.8663468545156441,0.1621977206156079,0.12253545532912757,0.2867295980836688,0.8633875845410433,0.020820469661674168,0.48270776364419454,0.08230604031449829,0.9988263737803326
0.7370134351667402,0.9273882791975591,0.8018264041056087,0.3777842111281432,0.24145757409408852,0.3421199781684018,0.896899715830996,0.8491995201732023,0.36435052481254737,0.8900048610694717,0.881402008139316,0.3416537215073697,0.010602867998562915,0.49938784369037903,0.537549243540628,0.952471037378843,0.6557906987650314,0.6793707866973192,0.059530777581426,0.9906032467685885,0.6308467916089769,0.1413082573593728,0.9357839153485864,0.8604517730909674,0.6199070170059248,0.9709530935337938,0.02123107935000179,0.5570861274847025,0.49885607776690943,0.6366415742325645,0.8395059021120092,0.878660008385136
0.8379852262162689,0.014582694214776537,0.6179958921657397,0.6791018050241272,0.5607444470929122,0.8914390188082888,0.1879595010191656,0.32682246933232273,0.24400768114654303,0.6852684917062747,0.0779904303185095,0.5677066991706272,0.8142561245763532,0.2616275915442543,0.5909366259021278,0.8725718587562998,0.5454617435836246,0.7860287919854048,0.9196471268502472,0.8449374363779457,0.4795273119436746,0.8720310483051111,0.6739138367869671,0.5144273721410739,0.881520504017687,0.9438776982330057,0.5873533373194524,0.871808348686547,0.030962486384774168,0.6716468070903833,0.11481431899910088,0.6644806377164396
0.9242282434979662,0.5318307921558717,0.08960518291683739,0.3347694753403213,0.9306830243592384,0.7548850156254556,0.0229258002045869,0.2508691499607265,0.1315316989153179,0.9181353990000444,0.6769058845480339,0.9562412360479761,0.4447459195388155,0.8619856751391055,0.14452875462960701,0.5073755867546137,0.9519911570113012,0.613234031943186,0.771103333316776,0.9349411348083995,0.8277043529489617,0.22591487092674478,0.5511138396028239,0.1662618515715124,0.8276256145428652,0.58777123386652,0.8718725168314654,0.8659461018712621,0.08583995011975154,0.5927353161951951,0.792592945667164,0.7953096878061479
0.35184460700831044,0.15327743665961147,0.6319223462867909,0.5666747241359394,0.3830561009964003,0.6970380481184618,0.5671228953381543,0.5173126918624112,0.8378845473334853,0.3378509897975881,0.664268793409075,0.8409036391652416,0.8795571952844324,0.2698988315319466,0.6897023821474131,0.4587626390067625,0.8018085949966489,0.11476224369194854,0.38127294972862047,0.06290819393599756,0.9072304706171387,0.14693671185959956,0.124504273962594,0.723811886703657,0.38342442844996116,0.3733861143480167,0.6755017631778109,0.5795087011429898,0.07050952348365391,0.9494484930227838,0.8884749103148255,0.4637756274576439
0.11932993541026815,0.33444363996594806,0.5253684799725292,0.1603384027556024,0.3518097444062427,0.581937590538431,0.4643586276600292,0.22022954886704282,0.016959034272821638,0.6717128777112309,0.867214964916273,0.22175431959811998,0.308740070517847,0.8642208947965505,0.5889337234006724,0.22844509181109585,0.7265302238426031,0.6740626489155005,0.18790709949550832,0.6853823776914156,0.9378868171259391,0.6529732846269164,0.9108878337976711,0.7359593460408007,0.5624604834531194,0.8960081454794979,0.6478174462513768,0.9074212976480526,0.11116641845780151,0.9000206580285304,0.685990506296049,0.13217756964983196
0.3944722936761802,0.6825429388178049,0.7090752663329827,0.9989761884495079,0.8360188089291503,0.3736582902846115,0.9708772512095005,0.23876268177344528,0.6177117666879152,0.9769965467561456,0.9021715657143765,0.740344390784287,0.894205519573196,0.4385264763288278,0.37358178881807025,0.20033117278886525,0.6463649470873375,0.5409087496101511,0.8872944817270443,0.22323955182145339,0.07972889931211202,0.8756801633536818,0.8297644219607967,0.7133784002950474,0.11488620120251836,0.4671285915200242,0.8437804849666382,0.4068282674880398,0.3808457431926655,0.693093327307588,0.27574290861004,0.24848399369025387
0.8539439568263776,0.8141786821770144,0.944655944384967,0.28818438051697104,0.609275780143546,0.010441308649896452,0.5803274947294113,0.8997614721158499,0.06641438430564428,0.3319464646616732,0.9943453533280806,0.6158875789618383,0.44080624411735925,0.9093873088863005,0.8526892361331361,0.8686884327106971,0.3268308154377685,0.644420612814027,0.7662476706626586,0.6900103507385872,0.4269582903526189,0.7634271909678157,0.9846436494206681,0.7759964366167486,0.7018662501420072,0.6953254762297616,0.3741817186109293,0.6922626805085897,0.6136939192151842,0.715801955491119,0.5850016558227795,0.6628597835750529
0.801490050295895,0.7596025839994336,0.7209418045336783,0.7507075567219235,0.9427333048999941,0.08498037178494267,0.8111861364631822,0.7809375737247457,0.04371019659407149,0.508517152756432,0.16404790025704608,0.34155051811212056,0.014375718543513272,0.9274296923569492,0.47884300500243726,0.030349356002805417,0.598415515907589,0.8542307038119265,0.34410774664397226,0.23914711553702483,0.7883627455045343,0.8822955780990506,0.12476237791069666,0.16598921014357515,0.6587504198070021,0.7590600066869426,0.5172758773074753,0.8943789008118614,0.14801878105848842,0.2790241365833561,0.4672167953969444,0.9988548610617346
0.3810045163732464,0.9062309585235596,0.10612039835826204,0.574188395495905,0.6452415473479328,0.8622917486104533,0.22921135129667547,0.4319756373316167,0.16021313992924313,0.6715660736642823,0.19185115639625705,0.8337224387047503,0.03892891443805102,0.6049183304016644,0.4765226575965247,0.6570800524252695,0.5895423624931185,0.7144018148494076,0.4908129319532414,0.26803954845451305,0.7966554347147848,0.6351145947187964,0.7133528171148946,0.5328864349110305,0.8181264388520412,0.662689171342316,0.7775618468370501,0.5936398691315863,0.8006861583671983,0.37666130799581476,0.5507074071390599,0.13610544328570928
0.4431989690439494,0.406987329661491,0.6841098765889455,0.4306865955457787,0.9503697014743113,0.562252998070147,0.18860235558544747,0.6957254929424279,0.5616743023440453,0.047798021284056746,0.49013227784710234,0.7816363151297224,0.5634096311440515,0.40028204717262317,0.9690039380786454,0.991557687786774,0.2419496309929985,0.3319422105612728,0.6332426182113126,0.16882259660065413,0.6801705514955927,0.9218384528644671,0.1658431351875398,0.6303699384754752,0.5327505293387972,0.540316151371265,0.16998003355239366,0.8808355019962889,0.24145848786403756,0.1240832161373211,0.8159448513331127,0.8003310571434396
0.09519645770440532,0.5957107889463988,0.9297532836515587,0.39482766065527974,0.5273238964352149,0.7079006898009028,0.751610344491895,0.11269128371328296,0.8642986071064973,0.8904426917432223,0.710693707329542,0.07166346495240039,0.1885678772458379,0.3705605753771787,0.9035260338326246,0.02236906119794213,0.545424450096483,0.13976377137798301,0.3378115368648813,0.3378269467783287,0.338420246554911,0.5575598115355931,0.5141134966823507,0.18793116349219063,0.0800677578136948,0.29796175999359864,0.6140951986193315,0.7325947521825088,0.15524578849148762,0.6446532735768972,0.040296692808046264,0.4697473672246203
0.20266308496640895,0.7142333134957376,0.14902082128320093,0.2664141024379313,0.4764326572723856,0.9548602909703661,0.5398192045131568,0.8144394608192984,0.29723185571014543,0.666939607279011,0.3683748029929431,0.43941420314189816,0.16799972617531989,0.8730236936322403,0.6788702398398233,0.34633615304967513,0.6059403260038609,0.5821017635346325,0.6150442811215499,0.1547316167108873,0.4565485049347715,0.9249591630340124,0.28178181737373886,0.7238324561054582,0.5843639252644924,0.2886064937305636,0.3111093942369889,0.10490114166906872,0.9459095910704957,0.5979496431415439,0.7226329828073532,0.2760944931368452
0.413127593063488,0.34799227284821976,0.5140562038635343,0.8757175264436856,0.1612022948358337,0.597499769164768,0.2596104675276377,0.3498175161766741,0.7364268757615109,0.6161661995521159,0.620073752576999,0.13196017302534158,0.22321829034696372,0.6364601291341793,0.05214744777855429,0.9616196640368893,0.019376379856938963,0.8220627874683175,0.21396860340264023,0.41165098134560707,0.9594024110368482,0.25522868080628514,0.33323349119104584,0.3705210484557888,0.1903299094001163,0.5706767418159132,0.2522922960568691,0.8870670152711627,0.8942543166747943,0.513547678894809,0.5404056271079413,0.9893926046762644
