Sensor1,Sensor2,Sensor3,Sensor4,Sensor5,Sensor6,Sensor7,Sensor8,Sensor9,Sensor10,Sensor11,Sensor12,Sensor13,Sensor14,Sensor15,Sensor16,Sensor17,Sensor18,Sensor19,Sensor20,Sensor21,Sensor22,Sensor23,Sensor24,Sensor25,Sensor26,Sensor27,Sensor28,Sensor29,Sensor30,Sensor31,Sensor32
0.746263188,0.028627945,0.537842034,0.654106348,0.8116721,0.923223201,0.430774699,0.207030528,0.258660234,0.879004107,0.811545563,0.399060422,0.133682749,0.946859553,0.088182964,0.925301363,0.935976627,0.244800849,0.000436527,0.268198432,0.841627396,0.242038325,0.241225946,0.21815841,0.090962033,0.64023805,0.516109679,0.205730479,0.178241973,0.26639733,0.666842987,0.72977178
0.471847432,0.127478397,0.923473156,0.787359438,0.512600564,0.175002546,0.48910322,0.177194035,0.964093299,0.750238278,0.240665253,0.830233086,0.209580194,0.045263089,0.547776988,0.045718727,0.097606724,0.566341256,0.420462918,0.993121993,0.698084738,0.288668068,0.422047987,0.846529512,0.161673189,0.514627801,0.492716066,0.774595601,0.826768032,0.176314878,0.222617074,0.912472982
0.930765311,0.880324977,0.43263066,0.202137652,0.388267847,0.593497481,0.246906165,0.780434162,0.294714531,0.103262313,0.27883601,0.792692798,0.42186887,0.642240199,0.645436325,0.77702278,0.77740139,0.177174525,0.028171592,0.014701327,0.405163084,0.352977149,0.548245263,0.35102724,0.661132792,0.391367092,0.44695744,0.232631732,0.133850613,0.41193995,0.285395413,0.474441129
0.937898692,0.848473314,0.180054882,0.146317131,0.589464977,0.488842789,0.833073884,0.198596231,0.390394196,err,0.808512123,0.159994734,0.910328565,0.572574051,0.893752429,0.96022994,0.707917273,0.791374964,0.74829428,0.238224108,0.192559788,0.140308183,0.266920783,0.565947503,0.656248235,0.630656392,0.467755791,0.234217527,0.520129093,0.578418653,0.166786572,0.46334149
0.478259808,0.335792426,0.957564097,0.971961182,0.231893003,0.531812597,0.421525896,0.584829809,0.325981513,0.736688171,0.700385259,0.123847993,0.9096438,0.416548806,0.445122785,0.625791831,0.122457944,0.032160405,0.933837467,0.008009048,0.373177762,0.820744134,0.964450189,0.087647494,0.603659691,0.82306364,0.079851942,0.545310523,0.389208083,0.897360761,0.729782534,0.145708595
0.137289116,0.090775388,0.588384036,0.495482066,0.652098239,0.180161782,0.701479509,0.021394008,0.030034295,0.224354828,0.869294036,0.366869826,0.548401545,0.396995814,0.369269851,0.042575585,0.788702138,0.272065769,0.370466299,0.336822203,0.500868555,0.611427486,0.739524049,0.769377115,0.797288633,0.719052114,0.176663577,0.872088372,0.467493817,0.855327468,0.340481478,0.590983886
0.238613375,0.310614565,0.196974237,0.106835667,0.500516115,0.783028703,0.364739837,0.332245302,0.588461695,0.022970139,0.856511645,0.409162134,0.114306042,0.986371323,0.39211938,0.251245378,0.01843278,0.954558177,0.716509364,0.020898061,0.751244538,0.72179567,0.615241983,0.799096721,0.420369503,0.199121323,0.369029941,0.195688395,0.524934159,0.352354609,0.434658866,0.512072189
0.422992439,0.303489681,0.846636105,0.692256783,0.967370099,0.522566916,0.377243995,0.108812143,0.659861134,0.860909274,0.849200473,0.332939045,0.836968056,0.936334042,0.038571244,0.88667982,0.192773591,0.95061051,0.036968412,0.219357371,0.046924917,0.780188144,0.174336873,0.555207281,0.412185318,0.504501348,0.543275576,0.010351207,0.700413049,0.418854873,0.339263081,0.669043418
0.702908121,0.3614793,0.157268099,0.056923874,0.653355282,0.360290906,0.377033012,0.477892285,0.216308062,0.059900466,0.006909231,0.053480697,0.061757279,0.188687876,0.763163307,0.116041778,0.667413638,0.844579681,0.508227165,0.078463102,0.224801662,0.253285355,0.380430665,0.094514223,0.646672698,0.218605362,0.148542978,0.875513649,0.716901559,0.069675053,0.269166759,0.565401961
0.074636603,0.822060264,0.990204025,0.621213654,0.528355666,0.135798017,0.595574017,0.645707878,0.098882303,0.624128177,0.389487546,0.794420213,0.790788219,0.758274208,0.951294115,0.46976732,0.23590604,0.239232574,0.548506731,0.481747818,0.690786003,0.818974784,0.306201254,0.854273546,0.941171215,0.570746182,0.063952831,0.128932887,0.666079699,0.361001969,0.028511995,0.447182821
0.394165266,0.815707306,0.558126426,0.348331984,0.582677312,0.07761529,0.60713488,0.285512665,0.368334468,0.067373532,0.891867801,0.507433344,0.911997468,0.797470486,0.759705059,0.325576893,0.51682921,0.52249902,0.008370952,0.930014859,0.562055979,0.596924754,0.33110801,0.3605074,0.712506252,0.177291071,0.995815423,0.733733829,0.674476729,0.92078645,0.272692843,0.806009479
0.238614758,0.397849128,0.42045277,0.410166159,0.165052014,0.210309449,0.861458386,0.046712717,0.182490171,0.088954091,0.632479789,0.132480855,0.730240409,0.296175983,0.318768619,0.680522837,0.714738261,0.357525991,0.24552805,0.349979058,0.696901596,0.205573279,0.109465368,0.188608668,0.408933582,0.97836934,0.271286225,0.469166333,0.554968617,0.665205487,0.554041707,0.770429501
0.859108688,0.450175429,0.819264506,0.130867698,0.382798876,0.120018066,0.100569282,0.748041745,0.043604209,0.063787683,0.643378005,0.707929265,0.773110332,0.800283996,0.675042574,0.509723296,0.488995878,0.319866533,0.953009792,0.021425295,0.004579401,0.874540892,0.854544013,0.170659535,0.502298841,0.947357116,0.268925541,0.34033689,0.37135296,0.842714036,0.769738293,0.531870631
0.354978003,0.679927193,0.663794662,0.159229176,0.940397953,0.268871092,0.660922148,0.134619617,0.260053495,0.694450807,0.453305785,0.214727295,0.19725529,0.232839384,0.986347531,0.35649963,0.447693525,0.272960759,0.125051864,0.678310155,0.796117333,0.063239437,0.152531988,0.992778082,0.322771494,0.9011051,0.467929984,0.219518721,0.896265751,0.981447719,0.862684868,0.100380611
0.404844085,0.416047408,0.036963907,0.764214796,0.764625324,0.754790255,0.8675823,0.596335651,0.686754761,0.450555645,0.784162437,0.269606696,0.548328188,0.982840403,0.252454172,0.648224615,0.963513468,0.219587625,0.241227648,0.639215261,0.237290444,0.221278404,0.156396613,0.132601005,0.345272917,0.387987441,0.041758563,0.433761674,0.302583848,0.946022292,0.466173673,0.312331665
0.797904585,0.775690829,0.246355835,0.76019852,0.314070218,0.424127611,0.27041002,0.881539926,0.09475116,0.421896227,0.783395178,0.789478465,0.85668838,0.801293035,0.639586388,0.26104778,0.461696457,0.402804213,0.550224987,0.087606211,0.441947333,0.634968911,0.060883574,0.944808226,0.410473492,0.128965036,0.462258522,0.391773327,0.885066746,0.405150843,0.285508622,0.664733696
0.174941253,0.842677969,0.939858016,0.107369716,0.355158172,0.445295123,0.461884164,0.79548769,0.242014274,0.792856973,0.443190339,0.97986763,0.253789736,0.658694121,0.645123329,0.517395026,0.001900012,0.408242075,0.845064369,0.357083499,0.480628874,0.136425728,0.929303584,0.552524963,0.217062342,0.033859587,0.26136579,0.201627014,0.674441355,0.477418049,0.143494926,0.25274352
0.436506998,0.762719478,0.454707491,0.701524707,0.631513366,0.116292677,0.625704231,0.375395402,0.773322144,0.317713434,0.274352712,0.009427574,0.919321882,0.654960468,0.605764548,0.342866073,0.99758434,0.614161413,0.643943311,0.154988332,0.958733536,0.396991219,0.129800277,0.639681354,0.465759813,0.721061091,0.928167864,0.591388552,0.982620915,0.779579303,0.970068827,0.41302259
0.433669416,0.062194176,0.069279396,0.448456423,0.015494245,0.816006872,0.526645643,0.750143219,0.950415921,0.753848736,0.663689888,0.630960607,0.362433649,0.557251449,0.727321308,0.784433928,0.26294273,0.235538177,0.12150535,0.848116769,0.767021838,0.355233025,0.143958179,0.663665186,0.662900302,0.103813405,0.689623283,0.351080795,0.415794252,0.882310609,0.223737934,0.005663505
0.26956014,0.125044464,0.844835378,0.047052469,0.170661494,0.381143066,0.191158552,0.559088618,0.218632094,0.189996407,0.337769314,0.062486064,0.268405265,0.954322906,0.658713263,0.156767774,0.106587623,0.333540775,0.568139045,0.919309986,0.347421767,0.248633857,0.727445417,0.401932662,0.291719354,0.219983152,0.353737963,0.358630968,0.048896216,0.931159432,0.120753846,0.531723601
0.182122256,0.982855267,0.199804823,0.964714639,0.346860914,0.760116647,0.856512841,0.495913667,0.575671595,0.383143263,0.916657795,0.492584046,0.388255573,0.258588193,0.717798626,0.295401601,0.481333037,0.830340608,0.586845286,0.111577683,0.889706527,0.46810046,0.157190333,0.949115005,0.564491573,0.025400759,0.763036799,0.727527472,0.148466801,0.276290716,0.447968113,0.269258173
0.804417209,0.633400757,0.783423067,0.200426558,0.898713268,0.461534512,0.549999484,0.899319297,0.957597673,0.996647731,0.117719816,0.333842587,0.469355987,0.391633027,0.944956382,0.10196632,0.047061197,0.612953797,0.570208589,0.935348107,0.125500083,0.99976284,0.122885646,0.765493343,0.063776489,0.557526212,0.83767706,0.223116931,0.728979993,0.053029385,0.807209326,0.74301154
0.541527111,0.464619445,0.673402344,0.583256987,0.383985039,0.346891368,0.815559226,0.059523544,0.725917032,0.952577568,0.164436063,0.29042177,0.528599007,0.445150864,0.415439239,0.779312516,0.69065677,0.416750367,0.411338897,0.092167491,0.842826817,0.957561699,0.124268033,0.766912448,0.556215617,0.026088738,0.392855634,0.120289356,0.329695452,0.992485901,0.416423945,0.343426406
0.887663071,0.515365453,0.642485505,0.059373062,0.851246651,0.71786404,0.987554656,0.88664576,0.227950146,0.870878194,0.663842437,0.387274124,0.031575775,0.552545806,0.629634779,0.8126767,0.940104749,0.661542615,0.625986731,0.96681308,0.836092547,0.574584268,0.028842691,0.600614211,0.517899242,0.207051625,0.75358825,0.156561592,0.893559984,0.441209369,0.225138788,0.044675251
0.366986039,0.283745447,0.300733408,0.086153078,0.668155909,0.360074315,0.460598202,0.87721849,0.670360227,0.371061261,0.592931817,0.943262418,0.847570974,0.326818633,0.907116819,0.361670507,0.13838593,0.373752617,0.816061069,0.102963667,0.913023419,0.640807464,0.450999234,0.290587406,0.245371385,0.336043767,0.7272559,0.641866186,0.718798053,0.566985339,0.501205787,0.222444411
0.624934812,0.779857696,0.977439167,0.817784186,0.385458525,0.381710088,0.487467269,0.555066952,0.635713202,0.206700078,0.556311394,0.468861179,0.700027345,0.591593543,0.520711193,0.213938625,0.670762194,0.529744923,0.499804016,0.095830493,0.272610105,0.594601835,0.362824202,0.458175164,0.429980901,0.645717417,0.384943867,0.063462949,0.989178808,0.152448907,0.779772638,0.570706837
0.239604604,0.070401572,0.324634617,0.044928624,0.762847062,0.31752782,0.427322755,0.677745766,0.795504999,0.168746545,0.864630199,0.455407121,0.195480156,0.70954983,0.906854419,0.658033783,0.544912427,0.434404994,0.701208308,0.125421931,0.475672998,0.554090574,0.535935025,0.284204151,0.241487993,0.695983261,0.748776087,0.239949324,0.21784889,0.545565013,0.462649976,0.709127726
0.079693567,0.229074341,0.734593141,0.200236096,0.552516984,0.913316758,0.383470994,0.106949041,0.66449473,0.988000595,0.311495089,0.949958172,0.251749392,0.448167577,0.188159396,0.536270959,0.918015281,0.491998128,0.73843557,0.507713644,0.774267143,0.894693969,0.96357552,0.463579965,0.153765238,0.40251094,0.796097601,0.663981546,0.067354086,0.152021255,0.298045928,0.72756005
0.173501831,0.651628291,0.955555359,0.003716014,0.254233071,0.796179406,0.518628752,0.266950153,0.861837937,0.161333416,0.915746752,0.444783271,0.872256213,0.679830292,0.732022054,0.578069698,0.083714173,0.32498275,0.847984714,0.41599799,0.255568616,0.796278156,0.906025073,0.891709101,0.289368501,0.748800337,0.524239375,0.896859864,0.6884977,0.794438568,0.186839716,0.78714735
0.054951543,0.961758029,0.11604585,0.71211604,0.198780348,0.726226541,0.232369881,0.880433634,0.184133802,0.31562385,0.661178361,0.723454141,0.253278711,0.401884781,0.189797691,0.99205926,0.906449055,0.527328707,0.906209472,0.50453866,0.758825921,0.075170642,0.781087496,0.747628132,0.693158463,0.298133647,0.33552412,0.006639858,0.460505674,0.46989235,0.984052657,0.961986214
0.691399255,0.997582028,0.11216074,0.549181627,0.49056451,0.715554775,0.40592355,0.710073165,0.128691983,0.244028139,0.289400334,0.434581571,0.724516339,0.893948945,0.306947327,0.472402579,0.070021584,0.319282595,0.643108037,0.439953517,0.055021291,0.7395981,0.623654555,0.774285218,0.053856816,0.670380994,0.854392496,0.067123972,0.58141806,0.875612832,0.581373089,0.470842834
0.033646402,0.902899939,0.960813872,0.172716168,0.824471345,0.796672003,0.242622193,0.908068561,0.541902296,0.936302597,0.143033195,0.548990675,0.404444633,0.443204232,0.171826241,0.599571758,0.752867518,0.291789588,0.622935393,0.939667175,0.302537519,0.634237872,0.890601952,0.483266872,0.218274398,0.706197734,0.807418779,0.300185435,0.590188924,0.390771636,0.024822953,0.456163419
0.300752963,0.756812763,0.189558527,0.769997355,0.874255206,0.723678497,0.536808855,0.315081231,0.426641266,0.720984987,0.048794356,0.347993028,0.578779866,0.791746042,0.117035071,0.433190046,0.548812662,0.800855725,0.379308095,0.7382031,0.065355449,0.216209864,0.044981802,0.678771295,0.068388072,0.819079009,0.984800476,0.093020915,0.999522293,0.770869622,0.903203306,0.048220134
0.514648163,0.92935927,0.403683124,0.976078477,0.141996555,0.514968884,0.948145748,0.55462662,0.724317929,0.834469397,0.355922705,0.223706219,0.316152062,0.590773544,0.167400275,0.736265165,0.269934157,0.715315342,0.917499107,0.581660395,0.155615935,0.440496368,0.766836899,0.934710884,0.781358141,0.56370833,0.91658366,0.374094452,0.144428829,0.347830745,0.7351755,0.114247519
0.453661219,0.346284235,0.330987362,0.65163447,0.326820297,0.11866945,0.589251906,0.296207916,0.855875084,0.810967688,0.450295728,0.969365117,0.071031793,0.748699322,0.898150079,0.806883724,0.997536987,0.809958292,0.875799974,0.012333807,0.256993161,0.698580665,0.111389139,0.466427936,0.673870218,0.009947519,0.963757226,0.751172393,0.446058295,0.916828141,0.311821837,0.140563483
0.84547516,0.803723488,0.682541412,0.076049777,0.04667217,0.201845553,0.577013594,0.22625128,0.106997705,0.969219641,0.529494225,0.335313902,0.076299866,0.820070082,0.740249966,0.437136511,0.953089537,0.523778533,0.792764032,0.16156012,0.995334461,0.644664874,0.049213749,0.918474029,0.004731465,0.366498341,0.404916602,0.488851989,0.283466296,0.129626275,0.268514735,0.342131444
0.842037956,0.175465318,0.23423209,0.002886669,0.329033315,0.379865987,0.37999082,0.974304736,0.720396509,0.291813102,0.380040217,0.370614426,0.447673893,0.615085604,0.231839128,0.603653563,0.087206871,0.539032139,0.998139503,0.640569612,0.333225577,0.033067506,0.345529676,0.149360658,0.121609032,0.325699307,0.505168082,0.428871528,0.537981516,0.210126675,0.543894695,0.788243872
0.176959054,0.197077089,0.376107745,0.319985059,0.582272645,0.065393323,0.216744033,0.596723027,0.140952301,0.36048489,0.173484077,0.138284592,0.789550532,0.736733064,0.189291139,0.703391685,0.28680831,0.847399936,0.994362693,0.927990559,0.399614561,0.407837404,0.535414388,0.264633564,0.747976737,0.277577096,0.466427978,0.949630656,0.604348004,0.875162758,0.937025743,0.522215809
0.445641792,0.438616231,0.87097236,0.47812395,0.055664839,0.658537137,0.834400666,0.587933154,0.884921419,0.37805695,0.226114637,0.89278908,0.12463998,0.33436205,0.280763247,0.861064575,0.283682446,0.093529958,0.113818917,0.836149874,0.929843505,0.424256292,0.890742749,0.607327671,0.545767264,0.486558142,0.748070475,0.863236495,0.065097384,0.301331539,0.719980012,0.88919338
0.510211372,0.283651939,0.19137552,0.794432703,0.653266251,0.291984016,0.477416608,0.984979569,0.932376294,0.119435733,0.675437276,0.892033026,0.617894072,0.217603899,0.369266855,0.266955454,0.246398749,0.203771062,0.148805273,0.428579066,0.269470027,0.280751334,0.15341863,0.178779512,0.498823616,0.63748459,0.141732568,0.218767852,0.062923151,0.22991886,0.463302809,0.419308429
0.117393805,0.651625727,0.968253673,0.618598888,0.751380239,0.152573824,0.047693665,0.247705102,0.266571023,0.832251812,0.252080468,0.95022052,0.279624884,0.651949266,0.667750647,0.542399455,0.150738976,0.048090987,0.156341375,0.134263932,0.458879046,0.048559008,0.575546862,0.274669598,0.66287706,0.969224783,0.197965693,0.036764175,0.269430118,0.868219413,0.757914924,0.575881407
0.918704988,0.959128469,0.200962729,0.602853592,0.342020084,0.758970936,0.579206757,0.130258296,0.278384213,0.248608342,0.359312364,0.611933013,0.270296923,0.096205438,0.973716258,0.357577952,0.597428634,0.102052603,0.848309635,0.65509665,0.762851305,0.690941603,0.09385436,0.759123839,0.564004652,0.261773771,0.277560366,0.009988649,0.113996649,0.005710566,0.423247893,0.440277449
0.324919309,0.031036112,0.322744698,0.808569684,0.722199021,0.995815613,0.30139166,0.992838481,0.559875876,0.528125792,0.912179054,0.287452386,0.199572549,0.161015691,0.053599241,0.440209257,0.699161054,0.178112274,0.327037105,0.533525418,0.245622575,0.072409198,0.842278544,0.212537804,0.827507272,0.081154769,0.680897204,0.557205675,0.815267947,0.000492113,0.224144817,0.433007313
0.333717569,0.659330816,0.769920859,0.675926889,0.684941613,0.643210847,0.63150166,0.203056745,0.465586607,0.682085584,0.660494682,0.420708792,0.615658455,0.774758036,0.661971885,0.254441556,0.060428951,0.498472022,0.084853549,0.474590705,0.73115749,0.751498815,0.324231421,0.620352099,0.377984649,0.861547545,0.685266764,0.264349155,0.348270567,0.351481935,0.510302548,0.355094777
0.242830525,0.674493978,0.059381263,0.172780667,0.813231933,0.255131662,0.457136608,0.073480902,0.095228545,0.498630493,0.15743197,0.764051865,0.877157169,0.619433103,0.154555795,0.622481764,0.285722417,0.533654544,0.74014009,0.257525325,0.095270645,0.969786137,0.817510223,0.082724203,0.008081038,0.565737117,0.235269678,0.147496767,0.004632049,0.034280715,0.259074192,0.957134944
0.674716237,0.201104165,0.844801044,0.781907989,0.149920253,0.232518669,0.241923957,0.078974687,0.891627119,0.875399373,0.110968313,0.087175149,0.30514513,0.494835054,0.833476061,0.21574679,0.532494282,0.572559988,0.135905494,0.716063791,0.090868493,0.409159732,0.672611897,0.228980505,0.390612327,0.07546853,0.841347935,0.374911238,0.741639848,0.264017952,0.45499348,0.396157133
0.877533887,0.562368428,0.224131438,0.192624393,0.068078785,0.825000138,0.383734425,0.596770182,0.039698764,0.516889932,0.126410952,0.605621286,0.484545268,0.224563909,0.82933285,0.772940971,0.73151508,0.946128918,0.391558705,0.270376758,0.027913719,0.038002798,0.347560178,0.065211339,0.934372071,0.882900448,0.559910263,0.168940309,0.729997031,0.434042496,0.510151782,0.055771324
0.945499526,0.597625335,0.640873588,0.525387722,0.389185725,0.56683538,0.16426221,0.529694374,0.368861646,0.136623941,0.054916437,0.998077587,0.569647885,0.61491418,0.961133115,0.519237245,0.801022529,0.864583868,0.429332804,0.110661201,0.374965136,0.042806748,0.880623732,0.435747398,0.761138543,0.4771859,0.038920494,0.675650295,0.392762268,0.126231724,0.534515715,0.919455133
0.102941348,0.059219348,0.825652794,0.121481034,0.148270677,0.245921543,0.531454294,0.1621801,0.413248794,0.851629886,0.657594335,0.503009012,0.69280748,0.913180975,0.535418094,0.584433882,0.716937712,0.157894715,0.910725864,0.805012093,0.367670135,0.983995783,0.591961441,0.00997723,0.98300592,0.203184339,0.979373426,0.28399588,0.478686638,0.081727799,0.83679406,0.864056267
0.215832189,0.366564443,0.267644641,0.442873319,0.370481562,0.538504035,0.16207547,0.231069354,0.645328676,0.446997045,0.331024264,0.428753048,0.484167242,0.718375071,0.0088624,0.717607127,0.229638928,0.565551237,0.488600036,0.655496743,0.957115037,0.83978756,0.094346985,0.94050608,0.694784077,0.330212811,0.873673267,0.551931835,0.493857236,0.552706067,0.903736926,0.616965754
0.489228314,0.617232275,0.857853046,0.788968028,0.62839571,0.501838904,0.402019214,0.004653901,0.781244908,0.451813667,0.111297052,0.791816988,0.489413066,0.527923531,0.876441083,0.21518023,0.369354908,0.778919488,0.112365452,0.72414106,0.846272561,0.139694577,0.234834677,0.909813403,0.312601828,0.112920409,0.768875315,0.781410239,0.267299372,0.081628932,0.0224712,0.245899746
0.577934628,0.032108823,0.709828812,0.423382314,0.779169151,0.796310999,0.781236994,0.110861916,0.295842107,0.174208119,0.878960015,0.412798129,0.241546573,0.52424897,0.674563088,0.755651647,0.446004849,0.845003107,0.857203712,0.302465906,0.756708486,0.184340944,0.520958619,0.446662132,0.031823526,0.658958859,0.622606113,0.696154455,0.456567782,0.310008995,0.861440683,0.53992987
0.834076413,0.641981149,0.269788838,0.241442816,0.962903768,0.410185095,0.62816539,0.740219063,0.507687367,0.048494332,0.242984791,0.296321236,0.434244234,0.362524179,0.270541658,0.119321849,0.583320586,0.38955621,0.7539349,0.103945086,0.783658565,0.50958389,0.000826603,0.275376851,0.474780199,0.174283589,0.406257159,0.581502112,0.400450207,0.992401464,0.21546986,0.980527622
0.820365068,0.792531744,0.009351557,0.954253749,0.23272951,0.523420524,0.665930849,0.018571162,0.685650119,0.345869264,0.811647278,0.998068153,0.488772806,0.740547998,0.734974506,0.688790061,0.886615878,0.807987841,0.550882156,0.587744768,0.721518087,0.235582726,0.868130069,0.82309583,0.266206016,0.512781482,0.216837432,0.882444832,0.849238984,0.301249521,0.604695286,0.745591154
0.244287869,0.804974631,0.442701385,0.400852877,0.643158018,0.359136314,0.082983786,0.424854648,0.093032276,0.514111416,0.8244479,0.216352053,0.858075986,0.040066631,0.79908333,0.816552368,0.277179319,0.99431181,0.455663772,0.015071017,0.076372081,0.978632446,0.405208217,0.001629517,0.166086291,0.643346411,0.661934351,0.038385047,0.005082759,0.098805098,0.475298856,0.79692213
0.728020491,0.063901609,0.856212616,0.964543669,0.065255791,0.794285264,0.799018778,0.396081478,0.097990711,0.506469013,0.997309566,0.898122928,0.799083378,0.394958637,0.08448856,0.635048218,0.789482579,0.019030289,0.233369946,0.639193481,0.159940463,0.234086722,0.483088147,0.327401631,0.06988804,0.587155516,0.18628526,0.325317986,0.985669326,0.5864245,0.129969939,0.65539398
0.516933674,0.606877955,0.09537792,0.136637344,0.462653543,0.099250332,0.176092474,0.540680812,0.661764802,0.768760245,0.821438893,0.692501623,0.582808368,0.411093617,0.573467981,0.317086144,0.035661898,0.448165154,0.296555745,0.370553098,0.887102582,0.851844171,0.657755708,0.401837144,0.986437899,0.4772879,0.258188235,0.534090257,0.020997094,0.673977973,0.961382382,0.437728527
0.000244827,0.773373294,0.035834712,0.383939943,0.36931524,0.745937879,0.17666097,0.656592063,0.263093684,0.266392916,0.760086217,0.891609412,0.99653798,0.016839194,0.024204722,0.544928858,0.239145982,0.54142509,0.004193407,0.0278097,0.435837143,0.0847351,0.485118658,0.656360515,0.831683123,0.947616348,0.812050928,0.286596036,0.97088517,0.037129515,0.565347721,0.954506952
0.71376179,0.260845054,0.333617651,0.642241472,0.864577788,0.870391037,0.005228548,0.616008776,0.595047629,0.296478159,0.710240673,0.394393257,0.644569079,0.019906064,0.264401202,0.029917296,0.912566795,0.029978634,0.125355902,0.785314416,0.92276309,0.170993162,0.520886555,0.927245582,0.039811253,0.805732652,0.241929008,0.947813498,0.190681368,0.275478052,0.788706828,0.122388103
0.421919776,0.767856801,0.485340166,0.585653636,0.603955426,0.732566134,0.608994296,0.112000491,0.726363675,0.414915306,0.69365009,0.696884048,0.076211474,0.24784516,0.537389349,0.487695636,0.023567921,0.290514099,0.442117045,0.774697547,0.628106423,0.911810327,0.064361959,0.225917243,0.790510416,0.403500313,0.530396439,0.518680896,0.728031631,0.904974676,0.051803426,0.108024247
0.969524899,0.133121995,0.375469011,0.206641422,0.486177808,0.461029431,0.415885738,0.832550601,0.111885349,0.456673674,0.621186936,0.622843927,0.131899362,0.74235283,0.497077145,0.304025193,0.307035087,0.681690818,0.241430818,0.131543914,0.146440039,0.036808322,0.340480392,0.274983338,0.398167602,0.638225032,0.106329549,0.012730227,0.800208325,0.562352287,0.701069641,0.583031619
0.165421171,0.969395711,0.351871092,0.217459417,0.036370493,0.724219341,0.400841679,0.98179566,0.032978458,0.574920946,0.021980482,0.475461081,0.13384256,0.084270171,0.148216166,0.637767872,0.466092395,0.142766546,0.369605435,0.792858283,0.647407397,0.751567299,0.647831046,0.651802775,0.376287424,0.001167497,0.009650197,0.024076394,0.920764573,0.354658229,0.064277556,0.892670163
0.390995724,0.773207598,0.795256775,0.655068749,0.133643526,0.180913381,0.66713107,0.232949017,0.511835186,0.447071315,0.528583527,0.27706667,0.329738461,0.294848265,0.533714932,0.017744586,0.014582449,0.276353762,0.557236079,0.085360284,0.999404828,0.015264916,0.138068092,0.530567096,0.005385825,0.017470032,0.473894215,0.469040242,0.441586938,0.81131748,0.912199145,0.749765511
0.857740001,0.194254849,0.971884645,0.145640998,0.14590016,0.428869957,0.975505532,0.131391667,0.746048385,0.816546388,0.816065293,0.416207366,0.928158495,0.265962173,0.447026164,0.482828745,0.693572487,0.849861608,0.999395174,0.822549231,0.643628404,0.47572276,0.529438127,0.204126235,0.258525621,0.612647511,0.115085123,0.164008038,0.539388041,0.281614963,0.504671923,0.96090139
0.400257747,0.031967379,0.656535747,0.077728151,0.731880542,0.596398154,0.365052624,0.233920356,0.269879746,0.125438752,0.961594996,0.801145032,0.687068695,0.643298972,0.257747157,0.591795558,0.774067412,0.416774602,0.700572301,0.733336874,0.581357755,0.718887034,0.222451304,0.000576346,0.317785914,0.059938221,0.425090522,0.840479768,0.490232089,0.019167401,0.163621177,0.289512764
0.788696232,0.24785392,0.958237486,0.180777974,0.148713607,0.748009791,0.937524794,0.703995423,0.667240013,0.713035144,0.73045558,0.393332754,0.707371353,0.982556173,0.90334383,0.157799324,0.145078166,0.751664528,0.480844295,0.897482246,0.733646488,0.283339979,0.530534733,0.397501654,0.417825292,0.113026494,0.957778557,0.808836976,0.258147987,0.56945043,0.126903849,0.482454056
0.61971278,0.58602895,0.47986605,0.779647317,0.513696473,0.829651806,0.633571198,0.76897206,0.735259399,0.664740098,0.559104169,0.639909435,0.165294962,0.04724089,0.144554349,0.411811604,0.215995598,0.372885865,0.800961787,0.082258783,0.570933666,0.9701562,0.661180087,0.034998663,0.997669874,0.234120092,0.150245718,0.179687432,0.151095491,0.332841426,0.790008984,0.249363287
0.692026193,0.274263553,0.765265332,0.613806542,0.015346477,0.528924142,0.517243571,0.208297509,0.379451984,0.558695672,0.99311121,0.229954766,0.742992342,0.491205189,0.67105007,0.926775258,0.598051219,0.057181132,0.813799503,0.52139045,0.427031973,0.578755132,0.361925312,0.23318036,0.408385611,0.219671813,0.362104452,0.762579524,0.95389439,0.295621698,0.525559563,0.410514749
0.518520262,0.676670931,0.181432998,0.537928601,0.114834593,0.643718152,0.971298316,0.978677514,0.451049047,0.017568997,0.328525525,0.510634044,0.336294357,0.56918021,0.37629447,0.29411105,0.638944362,0.340883784,0.27170077,0.701447167,0.229305983,0.504772898,0.881068043,0.472873962,0.871295025,0.894729554,0.879442727,0.339747664,0.075774821,0.562103351,0.893948238,0.427995942
0.439102134,0.288586602,0.844060671,0.081989278,0.135475221,0.984787215,0.30087123,0.880755465,0.212478306,0.761922957,0.394104835,0.742028224,0.2443704,0.898975193,0.106221957,0.696158387,0.450488998,0.319004346,0.729281117,0.555116861,0.795616036,0.80474504,0.258285394,0.78148353,0.143204485,0.261958726,0.925831056,0.876334231,0.947741594,0.529784638,0.527413978,0.272741559
0.953891823,0.417260499,0.79747057,0.705767285,0.247309779,0.86655149,0.85936265,0.871605779,0.719414008,0.756171333,0.144047246,0.600298451,0.679666303,0.682329972,0.275250901,0.293870157,0.08710018,0.356680636,0.035755021,0.621244588,0.785848061,0.4145874,0.637674102,0.701685298,0.990292614,0.585175698,0.596880636,0.030077887,0.21523346,0.174662396,0.87347586,0.152431827
0.410414737,0.981833587,0.766243732,0.685940535,0.376230256,0.267868317,0.40529467,0.236142875,0.931791735,0.164212639,0.554898123,0.590646003,0.135126353,0.428392503,0.248760497,0.486581665,0.602791372,0.395663522,0.220656722,0.768576161,0.484200174,0.735763958,0.67730163,0.94549968,0.749938096,0.221973208,0.294468675,0.418479735,0.029157951,0.361920097,0.254561239,0.124776036
0.62639089,0.324957111,0.078500758,0.132226179,0.835273277,0.454540146,0.938153391,0.932713456,0.689942376,0.259828356,0.721460337,0.297099812,0.088550276,0.525939849,0.735243664,0.718324296,0.504253389,0.850019281,0.330884749,0.912480338,0.331344615,0.510709738,0.387780839,0.094963111,0.618903551,0.902719058,0.277536739,0.905217355,0.631366458,0.207189781,0.87448292,0.342718766
0.338097096,0.538324499,0.238880595,0.024727214,0.019074379,0.137213623,0.895785307,0.505655731,0.970336238,0.35640267,0.220924518,0.845199199,0.979032717,0.472636507,0.253379611,0.99092827,0.711119749,0.713411947,0.416724437,0.577955866,0.646557643,0.478641058,0.572253198,0.980153737,0.716420135,0.588749184,0.361753599,0.859159661,0.932262719,0.565830522,0.819691684,0.711530706
0.409873544,0.08590791,0.662254623,0.545948766,0.505519137,0.665088553,0.794750563,0.739845588,0.793830414,0.4080521,0.829983397,0.093109266,0.466662493,0.72145679,0.804799293,0.397129783,0.489520095,0.505977656,0.698970767,0.240465538,0.895152367,0.114432004,0.629546408,0.472560878,0.545540437,0.853690624,0.848954857,0.308896449,0.255574416,0.840187722,0.503675072,0.531978335
0.479422489,0.157018199,0.189769102,0.30735092,0.428079258,0.15513801,0.385750559,0.883358585,0.442690183,0.352956172,0.582882476,0.104303565,0.300540547,0.285585238,0.915359823,0.883844782,0.633964075,0.025405241,0.939440689,0.250192013,0.399510571,0.769666226,0.137367208,0.404141585,0.963851603,0.167768786,0.512734815,0.26794715,0.555224785,0.7789633,0.33832589,0.024726746
0.946249328,0.853709739,0.963115433,0.356370024,0.441044439,0.544698966,0.443330361,0.711997823,0.609035944,0.038505573,0.699771782,0.336436037,0.308908079,0.54732888,0.414518687,0.472334245,0.727559656,0.848042928,0.1342096,0.170076453,0.649226073,0.177482182,0.341798388,0.428134299,0.902758408,0.82032681,0.791999232,0.068968023,0.190921781,0.554308795,0.572160714,0.352076157
0.779900599,0.445721977,0.396512105,0.446206897,0.723403216,0.677307985,0.22906582,0.083540811,0.303504375,0.686869014,0.094196831,0.051590385,0.438059639,0.204155976,0.098441527,0.477319274,0.575824359,0.197070002,0.48585515,0.895370676,0.559835799,0.715328524,0.224277134,0.93042899,0.769020564,0.603606099,0.189710192,0.279766834,0.824711986,0.27405417,0.18167328,0.880208507
0.232990171,0.711080882,0.963257203,0.81190975,0.920082897,0.684630676,0.060576832,0.232837718,0.640746809,0.085119425,0.028764555,0.773735035,0.122357248,0.246072995,0.769110729,0.603442868,0.496105647,0.276370456,0.042634185,0.593237823,0.815394715,0.905796966,0.294729568,0.02830355,0.524646705,0.402447399,0.530842311,0.370013481,0.263207996,0.046270655,0.644346418,0.085452799
0.248939294,0.20415228,0.766944872,0.028423207,0.179403297,0.469291404,0.313853679,0.139121389,0.968532832,0.164141052,0.969540488,0.869678748,0.490128389,0.255621766,0.036899693,0.116661194,0.584501926,0.098758038,0.720795382,0.747008005,0.744283403,0.404419571,0.220575473,0.671249406,0.144080436,0.43586724,0.0758596,0.485566748,0.86408467,0.873696509,0.86262308,0.42690414